ID,sequence_long,start_positions,coordinates
P01_105,"['container', 'lid', 'pot', 'tray', 'fork', 'cup', 'board:cutting', 'mushroom', 'choi:pak', 'tofu', 'carrot', 'courgette', 'knife', 'wok', 'pan', 'dice:courgette', 'slice:courgette', 'ic:courgette', 'peeler', 'oil', 'salt', 'skin:carrot', 'spatula', 'onion', 'card', 'bag', 'box', 'cloth', 'pak', 'colander', 'bowl', 'leaf:pak:choi', 'bit:pak:choi', 'garlic', 'bit:food', 'noodle', 'saucepan', 'scissors', 'kettle', 'box:plastic', 'skin:garlic', 'sauce:soy', 'towel:tea', 'chopstick', 'cutlery', 'spoon', 'timer', 'sponge', 'liquid:washing:up']","{'container': [], 'lid': [], 'pot': [], 'tray': [], 'fork': [], 'cup': [], 'board:cutting': [3, 1, 2], 'mushroom': [1, 1, 2], 'choi:pak': [0, 0, 2], 'tofu': [0, 0, 2], 'carrot': [0, 0, 2], 'courgette': [0, 0, 2], 'knife': [2, 1, 2], 'wok': [1, 1, 2], 'pan': [], 'dice:courgette': [], 'slice:courgette': [], 'ic:courgette': [2, 1, 2], 'peeler': [2, 1, 2], 'oil': [2, 1, 2], 'salt': [], 'skin:carrot': [], 'spatula': [3, 1, 2], 'onion': [2, 1, 2], 'card': [], 'bag': [], 'box': [], 'cloth': [], 'pak': [], 'colander': [], 'bowl': [], 'leaf:pak:choi': [], 'bit:pak:choi': [], 'garlic': [2, 1, 2], 'bit:food': [], 'noodle': [2, 1, 2], 'saucepan': [2, 1, 2], 'scissors': [2, 1, 2], 'kettle': [2, 1, 2], 'box:plastic': [], 'skin:garlic': [], 'sauce:soy': [2, 1, 2], 'towel:tea': [], 'chopstick': [], 'cutlery': [], 'spoon': [], 'timer': [], 'sponge': [], 'liquid:washing:up': []}","{'container': [], 'lid': [], 'pot': [], 'tray': [], 'fork': [], 'cup': [], 'board:cutting': [1, 1, 1], 'mushroom': [0, 0, 2], 'choi:pak': [0, 0, 2], 'tofu': [0, 0, 2], 'carrot': [0, 0, 2], 'courgette': [0, 0, 2], 'knife': [3, 1, 3], 'wok': [1, 1, 1], 'pan': [], 'dice:courgette': [], 'slice:courgette': [], 'ic:courgette': [2, 1, 2], 'peeler': [2, 1, 2], 'oil': [1, 1, 3], 'salt': [], 'skin:carrot': [], 'spatula': [2, 1, 2], 'onion': [2, 1, 2], 'card': [], 'bag': [], 'box': [], 'cloth': [], 'pak': [], 'colander': [], 'bowl': [], 'leaf:pak:choi': [], 'bit:pak:choi': [], 'garlic': [1, 1, 2], 'bit:food': [], 'noodle': [1, 1, 3], 'saucepan': [1, 1, 0], 'scissors': [3, 1, 2], 'kettle': [2, 1, 2], 'box:plastic': [], 'skin:garlic': [], 'sauce:soy': [1, 1, 3], 'towel:tea': [], 'chopstick': [], 'cutlery': [], 'spoon': [], 'timer': [], 'sponge': [], 'liquid:washing:up': []}"
P01_109,"['rucksack', 'egg', 'onion', 'foil:aluminium', 'potato', 'box', 'beer', 'cup', 'spoon', 'plate', 'cloth', 'pan', 'board:cutting', 'peeler', 'knife', 'bit:potato', 'slice:potato', 'blade:peeler', 'oil:olive', 'salt', 'skin:potato', 'spatula', 'fork', 'skin:onion', 'bowl', 'bit:onion', 'glass', 'bottle:oil', 'lid', 'box:egg', 'roll:kitchen', 'liquid:washing:up', 'sponge', 'bit:food', 'grid:hob']","{'rucksack': [], 'egg': [], 'onion': [], 'foil:aluminium': [], 'potato': [], 'box': [], 'beer': [], 'cup': [], 'spoon': [], 'plate': [], 'cloth': [], 'pan': [], 'board:cutting': [], 'peeler': [], 'knife': [], 'bit:potato': [], 'slice:potato': [], 'blade:peeler': [], 'oil:olive': [], 'salt': [], 'skin:potato': [], 'spatula': [], 'fork': [], 'skin:onion': [], 'bowl': [], 'bit:onion': [], 'glass': [], 'bottle:oil': [], 'lid': [], 'box:egg': [], 'roll:kitchen': [], 'liquid:washing:up': [], 'sponge': [], 'bit:food': [], 'grid:hob': []}","{'rucksack': [], 'egg': [], 'onion': [], 'foil:aluminium': [], 'potato': [], 'box': [], 'beer': [], 'cup': [], 'spoon': [], 'plate': [], 'cloth': [], 'pan': [], 'board:cutting': [], 'peeler': [], 'knife': [], 'bit:potato': [], 'slice:potato': [], 'blade:peeler': [], 'oil:olive': [], 'salt': [], 'skin:potato': [], 'spatula': [], 'fork': [], 'skin:onion': [], 'bowl': [], 'bit:onion': [], 'glass': [], 'bottle:oil': [], 'lid': [], 'box:egg': [], 'roll:kitchen': [], 'liquid:washing:up': [], 'sponge': [], 'bit:food': [], 'grid:hob': []}"
P02_101,"['milk', 'bread', 'toast', 'plate', 'knife', 'butter', 'jam', 'stirrer', 'lid', 'sponge', 'liquid:washing', 'mug']","{'milk': [], 'bread': [], 'toast': [], 'plate': [], 'knife': [], 'butter': [], 'jam': [], 'stirrer': [], 'lid': [], 'sponge': [], 'liquid:washing': [], 'mug': []}","{'milk': [], 'bread': [], 'toast': [], 'plate': [], 'knife': [], 'butter': [], 'jam': [], 'stirrer': [], 'lid': [], 'sponge': [], 'liquid:washing': [], 'mug': []}"
P02_104,"['tupperware', 'pasta', 'pan', 'kettle', 'glove', 'strainer', 'salt', 'cutlery', 'meat', 'spoon:wooden', 'sponge', 'liquid:washing', 'tray', 'cheese', 'plate', 'knife', 'fork', 'grater', 'scissors', 'drainer', 'pot:pasta']","{'tupperware': [], 'pasta': [], 'pan': [], 'kettle': [], 'glove': [], 'strainer': [], 'salt': [], 'cutlery': [], 'meat': [], 'spoon:wooden': [], 'sponge': [], 'liquid:washing': [], 'tray': [], 'cheese': [], 'plate': [], 'knife': [], 'fork': [], 'grater': [], 'scissors': [], 'drainer': [], 'pot:pasta': [4, 2, 2]}","{'tupperware': [], 'pasta': [], 'pan': [], 'kettle': [], 'glove': [], 'strainer': [], 'salt': [], 'cutlery': [], 'meat': [], 'spoon:wooden': [], 'sponge': [], 'liquid:washing': [], 'tray': [], 'cheese': [], 'plate': [], 'knife': [], 'fork': [], 'grater': [], 'scissors': [], 'drainer': [], 'pot:pasta': [4, 2, 2]}"
P02_109,"['board:chopping', 'onion', 'knife', 'piece:onion', 'pan', 'bottle:oil', 'meat', 'cube:stock', 'spoon:wooden', 'press:garlic', 'garlic', 'piece:garlic', 'presser:garlic', 'lid', 'packaging', 'brush']","{'board:chopping': [], 'onion': [], 'knife': [], 'piece:onion': [], 'pan': [2, 2, 2], 'bottle:oil': [], 'meat': [0, 2, 2], 'cube:stock': [0, 2, 3], 'spoon:wooden': [], 'press:garlic': [], 'garlic': [], 'piece:garlic': [], 'presser:garlic': [], 'lid': [], 'packaging': [], 'brush': []}","{'board:chopping': [], 'onion': [], 'knife': [], 'piece:onion': [], 'pan': [4, 3, 0], 'bottle:oil': [], 'meat': [0, 2, 3], 'cube:stock': [0, 2, 3], 'spoon:wooden': [], 'press:garlic': [], 'garlic': [], 'piece:garlic': [], 'presser:garlic': [], 'lid': [], 'packaging': [], 'brush': []}"
P02_110,"['spoon:wooden', 'glass', 'kettle', 'spoon', 'stock', 'salt', 'jar:pepper', 'lid']","{'spoon:wooden': [], 'glass': [], 'kettle': [], 'spoon': [], 'stock': [], 'salt': [], 'jar:pepper': [], 'lid': []}","{'spoon:wooden': [], 'glass': [], 'kettle': [], 'spoon': [], 'stock': [], 'salt': [], 'jar:pepper': [], 'lid': []}"
P02_111,"['lid', 'spoon:wooden', 'paper']","{'lid': [], 'spoon:wooden': [], 'paper': []}","{'lid': [], 'spoon:wooden': [], 'paper': []}"
P02_112,"['spoon', 'yoghurt', 'jar:tahini:sauce', 'lid', 'jar:tahini', 'jar:spice', 'jar', 'tray', 'bottle:oil', 'drainer', 'plate', 'oil', 'tray:second', 'dough:remaining', 'bowl', 'pan', 'meat']","{'spoon': [], 'yoghurt': [], 'jar:tahini:sauce': [], 'lid': [], 'jar:tahini': [], 'jar:spice': [], 'jar': [], 'tray': [], 'bottle:oil': [], 'drainer': [], 'plate': [], 'oil': [], 'tray:second': [], 'dough:remaining': [], 'bowl': [], 'pan': [], 'meat': []}","{'spoon': [], 'yoghurt': [], 'jar:tahini:sauce': [], 'lid': [], 'jar:tahini': [], 'jar:spice': [], 'jar': [], 'tray': [], 'bottle:oil': [], 'drainer': [], 'plate': [], 'oil': [], 'tray:second': [], 'dough:remaining': [], 'bowl': [], 'pan': [], 'meat': []}"
P02_113,"['nut:pine', 'scissors', 'yoghurt', 'bag:pine:nut', 'sponge', 'liquid:washing', 'bowl', 'glove', 'board:chopping', 'mug', 'spoon', 'spoon:wooden', 'knife', 'salt', 'bottle:oil', 'tray', 'plate', 'lid']","{'nut:pine': [], 'scissors': [], 'yoghurt': [], 'bag:pine:nut': [], 'sponge': [], 'liquid:washing': [], 'bowl': [], 'glove': [], 'board:chopping': [], 'mug': [], 'spoon': [], 'spoon:wooden': [], 'knife': [], 'salt': [], 'bottle:oil': [], 'tray': [], 'plate': [], 'lid': []}","{'nut:pine': [], 'scissors': [], 'yoghurt': [], 'bag:pine:nut': [], 'sponge': [], 'liquid:washing': [], 'bowl': [], 'glove': [], 'board:chopping': [], 'mug': [], 'spoon': [], 'spoon:wooden': [], 'knife': [], 'salt': [], 'bottle:oil': [], 'tray': [], 'plate': [], 'lid': []}"
P02_115,"['oven', 'glove', 'plate', 'spatula:wooden', 'pie']","{'oven': [4, 2, 1], 'glove': [], 'plate': [], 'spatula:wooden': [], 'pie': []}","{'oven': [4, 2, 1], 'glove': [], 'plate': [], 'spatula:wooden': [], 'pie': []}"
P02_122,"['glove', 'mould:cake', 'plate', 'board:chopping', 'piece:baking:paper', 'egg', 'pepper', 'tomato', 'knife', 'fork', 'jar:pepper', 'jar:thyme', 'salt', 'jar:spice', 'bottle:oil', 'box:tomato', 'cheese:parmesan', 'grater', 'spatula', 'cheese', 'clip', 'pan', 'bag:bread:wrap', 'wrap']","{'glove': [], 'mould:cake': [], 'plate': [], 'board:chopping': [], 'piece:baking:paper': [], 'egg': [0, 2, 2], 'pepper': [], 'tomato': [], 'knife': [], 'fork': [], 'jar:pepper': [], 'jar:thyme': [], 'salt': [], 'jar:spice': [], 'bottle:oil': [], 'box:tomato': [], 'cheese:parmesan': [], 'grater': [], 'spatula': [], 'cheese': [], 'clip': [], 'pan': [], 'bag:bread:wrap': [], 'wrap': []}","{'glove': [], 'mould:cake': [], 'plate': [], 'board:chopping': [], 'piece:baking:paper': [], 'egg': [0, 2, 3], 'pepper': [], 'tomato': [], 'knife': [], 'fork': [], 'jar:pepper': [], 'jar:thyme': [], 'salt': [], 'jar:spice': [], 'bottle:oil': [], 'box:tomato': [], 'cheese:parmesan': [], 'grater': [], 'spatula': [], 'cheese': [], 'clip': [], 'pan': [], 'bag:bread:wrap': [], 'wrap': []}"
P02_123,"['glove', 'knife', 'pan', 'scissors', 'lemon', 'half:lemon', 'bottle:water', 'squeezer', 'half:second:lemon', 'peel:lemon', 'doritos', 'bag:sugar', 'glass', 'spoon:wooden', 'bag:pistachio', 'board:chopping', 'glove:second', 'mould:cake', 'cloth:cleaning', 'apron', 'tray', 'tray:second', 'mug', 'plate', 'piece:juicer', 'piece:food:processor', 'sponge', 'spatula', 'liquid:washing', 'fork', 'piece:hand:blender', 'bowl', 'spoon', 'infuser:tea', 'blender', 'cover:blender', 'cover:plastic', 'grater', 'cutlery']","{'glove': [], 'knife': [], 'pan': [], 'scissors': [], 'lemon': [], 'half:lemon': [], 'bottle:water': [], 'squeezer': [], 'half:second:lemon': [], 'peel:lemon': [], 'doritos': [], 'bag:sugar': [], 'glass': [], 'spoon:wooden': [], 'bag:pistachio': [], 'board:chopping': [], 'glove:second': [], 'mould:cake': [4, 2, 1], 'cloth:cleaning': [], 'apron': [], 'tray': [], 'tray:second': [], 'mug': [], 'plate': [], 'piece:juicer': [], 'piece:food:processor': [], 'sponge': [], 'spatula': [], 'liquid:washing': [], 'fork': [], 'piece:hand:blender': [], 'bowl': [], 'spoon': [], 'infuser:tea': [], 'blender': [], 'cover:blender': [], 'cover:plastic': [], 'grater': [], 'cutlery': []}","{'glove': [], 'knife': [], 'pan': [], 'scissors': [], 'lemon': [], 'half:lemon': [], 'bottle:water': [], 'squeezer': [], 'half:second:lemon': [], 'peel:lemon': [], 'doritos': [], 'bag:sugar': [], 'glass': [], 'spoon:wooden': [], 'bag:pistachio': [], 'board:chopping': [], 'glove:second': [], 'mould:cake': [4, 2, 1], 'cloth:cleaning': [], 'apron': [], 'tray': [], 'tray:second': [], 'mug': [], 'plate': [], 'piece:juicer': [], 'piece:food:processor': [], 'sponge': [], 'spatula': [], 'liquid:washing': [], 'fork': [], 'piece:hand:blender': [], 'bowl': [], 'spoon': [], 'infuser:tea': [], 'blender': [], 'cover:blender': [], 'cover:plastic': [], 'grater': [], 'cutlery': []}"
P02_126,"['lid', 'bag:glove', 'glove', 'plate', 'pan', 'yoghurt', 'spoon']","{'lid': [], 'bag:glove': [], 'glove': [], 'plate': [], 'pan': [], 'yoghurt': [], 'spoon': []}","{'lid': [], 'bag:glove': [], 'glove': [], 'plate': [], 'pan': [], 'yoghurt': [], 'spoon': []}"
P02_129,"['lid:pan', 'pan', 'kettle', 'bag:spaghetti', 'spaghetti', 'bag', 'garlic', 'knife', 'presser:garlic', 'bottle:oil', 'box:cherry:tomato', 'board:chopping', 'jar:spice', 'salt', 'lid', 'bottle:vegetable:oil', 'bag:flour', 'plate', 'box:tomato', 'jar:pesto:sauce', 'spoon', 'mould:cake', 'glass', 'mug', 'cutlery', 'sponge', 'bottle:washing:liquid', 'glove', 'cover:squeezer', 'fork', 'brush', 'drainer:sink', 'sponge:cleaning', 'dirt', 'blade:chopping', 'blender', 'biscuit', 'cover:food:processor', 'cheese:parmesan', 'grater', 'parmesan', 'cheese', 'clip']","{'lid:pan': [], 'pan': [], 'kettle': [], 'bag:spaghetti': [], 'spaghetti': [], 'bag': [], 'garlic': [], 'knife': [], 'presser:garlic': [], 'bottle:oil': [], 'box:cherry:tomato': [], 'board:chopping': [], 'jar:spice': [], 'salt': [], 'lid': [], 'bottle:vegetable:oil': [], 'bag:flour': [], 'plate': [], 'box:tomato': [], 'jar:pesto:sauce': [], 'spoon': [], 'mould:cake': [], 'glass': [], 'mug': [], 'cutlery': [], 'sponge': [], 'bottle:washing:liquid': [], 'glove': [], 'cover:squeezer': [], 'fork': [], 'brush': [], 'drainer:sink': [], 'sponge:cleaning': [], 'dirt': [], 'blade:chopping': [], 'blender': [], 'biscuit': [], 'cover:food:processor': [], 'cheese:parmesan': [], 'grater': [], 'parmesan': [], 'cheese': [], 'clip': []}","{'lid:pan': [], 'pan': [], 'kettle': [], 'bag:spaghetti': [], 'spaghetti': [], 'bag': [], 'garlic': [], 'knife': [], 'presser:garlic': [], 'bottle:oil': [], 'box:cherry:tomato': [], 'board:chopping': [], 'jar:spice': [], 'salt': [], 'lid': [], 'bottle:vegetable:oil': [], 'bag:flour': [], 'plate': [], 'box:tomato': [], 'jar:pesto:sauce': [], 'spoon': [], 'mould:cake': [], 'glass': [], 'mug': [], 'cutlery': [], 'sponge': [], 'bottle:washing:liquid': [], 'glove': [], 'cover:squeezer': [], 'fork': [], 'brush': [], 'drainer:sink': [], 'sponge:cleaning': [], 'dirt': [], 'blade:chopping': [], 'blender': [], 'biscuit': [], 'cover:food:processor': [], 'cheese:parmesan': [], 'grater': [], 'parmesan': [], 'cheese': [], 'clip': []}"
P02_130,"['filter:water', 'glass', 'pan', 'sponge', 'bowl', 'spoon', 'bowl:food:processor', 'packaging:biscuit', 'ladder', 'biscuit', 'tin:cocoa:powder', 'tin:condensed:milk', 'blade:food:processor:chopping', 'cover:food:processor', 'blade:chopping', 'apron', 'tray:oven', 'butter', 'knife', 'spoon:wooden', 'opener:can', 'powder:cocoa', 'lid', 'paper:foil', 'bag:plastic', 'cover:plastic']","{'filter:water': [], 'glass': [], 'pan': [], 'sponge': [], 'bowl': [], 'spoon': [], 'bowl:food:processor': [], 'packaging:biscuit': [], 'ladder': [], 'biscuit': [], 'tin:cocoa:powder': [], 'tin:condensed:milk': [], 'blade:food:processor:chopping': [], 'cover:food:processor': [], 'blade:chopping': [], 'apron': [], 'tray:oven': [], 'butter': [], 'knife': [], 'spoon:wooden': [], 'opener:can': [], 'powder:cocoa': [], 'lid': [], 'paper:foil': [], 'bag:plastic': [], 'cover:plastic': []}","{'filter:water': [], 'glass': [], 'pan': [], 'sponge': [], 'bowl': [], 'spoon': [], 'bowl:food:processor': [], 'packaging:biscuit': [], 'ladder': [], 'biscuit': [], 'tin:cocoa:powder': [], 'tin:condensed:milk': [], 'blade:food:processor:chopping': [], 'cover:food:processor': [], 'blade:chopping': [], 'apron': [], 'tray:oven': [], 'butter': [], 'knife': [], 'spoon:wooden': [], 'opener:can': [], 'powder:cocoa': [], 'lid': [], 'paper:foil': [], 'bag:plastic': [], 'cover:plastic': []}"
P02_132,"['pan', 'tupperware', 'pie', 'lid', 'lid:tupperware', 'paper:foiled', 'board:chopping', 'knife', 'cylinder:paper', 'piece:chocolate', 'crumbles:chocolate', 'paper:foil']","{'pan': [], 'tupperware': [], 'pie': [], 'lid': [], 'lid:tupperware': [], 'paper:foiled': [], 'board:chopping': [], 'knife': [], 'cylinder:paper': [], 'piece:chocolate': [], 'crumbles:chocolate': [], 'paper:foil': []}","{'pan': [], 'tupperware': [], 'pie': [], 'lid': [], 'lid:tupperware': [], 'paper:foiled': [], 'board:chopping': [], 'knife': [], 'cylinder:paper': [], 'piece:chocolate': [], 'crumbles:chocolate': [], 'paper:foil': []}"
P02_133,"['lid:pan', 'plate', 'yoghurt', 'spoon', 'lid', 'pan']","{'lid:pan': [], 'plate': [], 'yoghurt': [], 'spoon': [], 'lid': [], 'pan': []}","{'lid:pan': [], 'plate': [], 'yoghurt': [], 'spoon': [], 'lid': [], 'pan': []}"
P02_135,"['mug', 'capsule:coffee', 'bag', 'mesh:orange', 'orange', 'milk', 'stirrer:wooden', 'half:bagel', 'knife', 'jar:jam', 'plate', 'glass', 'filter:water', 'bagel', 'lid', 'mug:coffee']","{'mug': [], 'capsule:coffee': [], 'bag': [2, 2, 2], 'mesh:orange': [], 'orange': [], 'milk': [], 'stirrer:wooden': [], 'half:bagel': [], 'knife': [], 'jar:jam': [], 'plate': [], 'glass': [], 'filter:water': [], 'bagel': [2, 2, 2], 'lid': [], 'mug:coffee': []}","{'mug': [], 'capsule:coffee': [], 'bag': [], 'mesh:orange': [], 'orange': [], 'milk': [], 'stirrer:wooden': [], 'half:bagel': [2, 2, 2], 'knife': [], 'jar:jam': [], 'plate': [], 'glass': [], 'filter:water': [], 'bagel': [], 'lid': [], 'mug:coffee': []}"
P03_111,"['chilli', 'saucepan', 'liquid:washing:up', 'spoon', 'clothes', 'lid']","{'chilli': [1, 1, 2], 'saucepan': [], 'liquid:washing:up': [], 'spoon': [], 'clothes': [], 'lid': []}","{'chilli': [1, 1, 1], 'saucepan': [], 'liquid:washing:up': [], 'spoon': [], 'clothes': [], 'lid': []}"
P03_112,"['kettle', 'pan', 'jug:measuring', 'mug', 'container:rice', 'salt', 'rice', 'scissors', 'lid:saucepan', 'lid', 'sieve', 'plate', 'grater:cheese', 'bowl', 'glass', 'knife', 'ladle', 'cutlery', 'cheese', 'bag:cheese', 'bag:sweetcorn', 'spoon', 'brush', 'bottom:springform:tin', 'dust', 'dustpan', 'saucepan']","{'kettle': [], 'pan': [], 'jug:measuring': [], 'mug': [], 'container:rice': [], 'salt': [], 'rice': [], 'scissors': [], 'lid:saucepan': [], 'lid': [], 'sieve': [], 'plate': [], 'grater:cheese': [], 'bowl': [], 'glass': [], 'knife': [], 'ladle': [], 'cutlery': [], 'cheese': [1, 1, 2], 'bag:cheese': [], 'bag:sweetcorn': [], 'spoon': [], 'brush': [], 'bottom:springform:tin': [], 'dust': [], 'dustpan': [], 'saucepan': []}","{'kettle': [], 'pan': [], 'jug:measuring': [], 'mug': [], 'container:rice': [], 'salt': [], 'rice': [], 'scissors': [], 'lid:saucepan': [], 'lid': [], 'sieve': [], 'plate': [], 'grater:cheese': [], 'bowl': [], 'glass': [], 'knife': [], 'ladle': [], 'cutlery': [], 'cheese': [1, 1, 3], 'bag:cheese': [], 'bag:sweetcorn': [], 'spoon': [], 'brush': [], 'bottom:springform:tin': [], 'dust': [], 'dustpan': [], 'saucepan': []}"
P03_113,"['plate', 'lid', 'saucepan', 'liquid:washing:up', 'bowl:cheese', 'knife', 'fork']","{'plate': [], 'lid': [], 'saucepan': [], 'liquid:washing:up': [], 'bowl:cheese': [], 'knife': [], 'fork': []}","{'plate': [], 'lid': [], 'saucepan': [], 'liquid:washing:up': [], 'bowl:cheese': [], 'knife': [], 'fork': []}"
P03_120,"['egg', 'drawer:vegetable', 'lemon', 'blueberry', 'margarine', 'butter', 'tupperware:sugar', 'juicer', 'saucepan:large', 'bowl:large', 'tupperware:butter', 'scale', 'bowl', 'lid', 'tray', 'knife:paring', 'slice:butter', 'lid:tupperware', 'grater', 'knife:chef', 'towel:tea', 'half:lemon', 'cup:measuring', 'fork', 'eggshell', 'rind:lemon', 'carton:egg', 'spoon']","{'egg': [], 'drawer:vegetable': [], 'lemon': [], 'blueberry': [], 'margarine': [], 'butter': [], 'tupperware:sugar': [], 'juicer': [], 'saucepan:large': [], 'bowl:large': [], 'tupperware:butter': [], 'scale': [], 'bowl': [], 'lid': [], 'tray': [], 'knife:paring': [], 'slice:butter': [], 'lid:tupperware': [], 'grater': [], 'knife:chef': [], 'towel:tea': [], 'half:lemon': [], 'cup:measuring': [], 'fork': [], 'eggshell': [], 'rind:lemon': [], 'carton:egg': [], 'spoon': []}","{'egg': [], 'drawer:vegetable': [], 'lemon': [], 'blueberry': [], 'margarine': [], 'butter': [], 'tupperware:sugar': [], 'juicer': [], 'saucepan:large': [], 'bowl:large': [], 'tupperware:butter': [], 'scale': [], 'bowl': [], 'lid': [], 'tray': [], 'knife:paring': [], 'slice:butter': [], 'lid:tupperware': [], 'grater': [], 'knife:chef': [], 'towel:tea': [], 'half:lemon': [], 'cup:measuring': [], 'fork': [], 'eggshell': [], 'rind:lemon': [], 'carton:egg': [], 'spoon': []}"
P03_121,"['spoon', 'knife:paring', 'grater', 'bowl:sugar', 'bowl:lemon:zest', 'juicer', 'fork', 'jug:measuring']","{'spoon': [], 'knife:paring': [], 'grater': [], 'bowl:sugar': [], 'bowl:lemon:zest': [], 'juicer': [], 'fork': [], 'jug:measuring': []}","{'spoon': [], 'knife:paring': [], 'grater': [], 'bowl:sugar': [], 'bowl:lemon:zest': [], 'juicer': [], 'fork': [], 'jug:measuring': []}"
P03_123,"['spoon', 'ladle', 'mitt:oven', 'tray:baking', 'jar:clip:top', 'serviette', 'seal:clip:top:jar']","{'spoon': [], 'ladle': [], 'mitt:oven': [], 'tray:baking': [], 'jar:clip:top': [], 'serviette': [], 'seal:clip:top:jar': []}","{'spoon': [], 'ladle': [], 'mitt:oven': [], 'tray:baking': [], 'jar:clip:top': [], 'serviette': [], 'seal:clip:top:jar': []}"
P04_106,"['towel:tea', 'bowl', 'board:chopping', 'dough', 'glove:oven', 'teaspoon', 'chunk:pork:belly', 'roll:kitchen', 'foil', 'dish:oven']","{'towel:tea': [], 'bowl': [], 'board:chopping': [], 'dough': [], 'glove:oven': [], 'teaspoon': [], 'chunk:pork:belly': [], 'roll:kitchen': [], 'foil': [], 'dish:oven': []}","{'towel:tea': [], 'bowl': [], 'board:chopping': [], 'dough': [], 'glove:oven': [], 'teaspoon': [], 'chunk:pork:belly': [], 'roll:kitchen': [], 'foil': [], 'dish:oven': []}"
P04_107,"['towel:tea', 'dough', 'flour', 'knife', 'tray:baking', 'paper:greaseproof', 'scissors', 'ball:dough', 'chopstick', 'ramekin', 'oil', 'brush:pastry', 'pin:rolling', 'square:greaseproof:paper', 'square:paper', 'paper', 'side:dough', 'edge:dough', 'dish:oven', 'spoon']","{'towel:tea': [], 'dough': [], 'flour': [], 'knife': [], 'tray:baking': [], 'paper:greaseproof': [], 'scissors': [], 'ball:dough': [], 'chopstick': [], 'ramekin': [], 'oil': [], 'brush:pastry': [], 'pin:rolling': [], 'square:greaseproof:paper': [], 'square:paper': [], 'paper': [], 'side:dough': [], 'edge:dough': [], 'dish:oven': [2, 1, 2], 'spoon': []}","{'towel:tea': [], 'dough': [], 'flour': [], 'knife': [], 'tray:baking': [], 'paper:greaseproof': [], 'scissors': [], 'ball:dough': [2, 1, 2], 'chopstick': [], 'ramekin': [], 'oil': [], 'brush:pastry': [], 'pin:rolling': [], 'square:greaseproof:paper': [], 'square:paper': [], 'paper': [], 'side:dough': [], 'edge:dough': [], 'dish:oven': [2, 1, 1], 'spoon': []}"
P04_108,"['dish:oven', 'pan', 'glove:oven', 'bowl', 'cooker:rice', 'plug:rice:cooker', 'bowl:rice:cooker', 'lid:rice:cooker', 'sponge', 'towel:tea', 'tray:steamer', 'dough', 'stick:cocktail', 'wrapper:oil', 'packet:yeast', 'film:plastic', 'board:chopping', 'package:carrot', 'bag', 'cucumber', 'broccoli']","{'dish:oven': [2, 1, 2], 'pan': [], 'glove:oven': [], 'bowl': [], 'cooker:rice': [], 'plug:rice:cooker': [], 'bowl:rice:cooker': [], 'lid:rice:cooker': [], 'sponge': [], 'towel:tea': [], 'tray:steamer': [], 'dough': [], 'stick:cocktail': [], 'wrapper:oil': [], 'packet:yeast': [], 'film:plastic': [], 'board:chopping': [], 'package:carrot': [], 'bag': [], 'cucumber': [], 'broccoli': []}","{'dish:oven': [2, 1, 1], 'pan': [], 'glove:oven': [], 'bowl': [], 'cooker:rice': [], 'plug:rice:cooker': [], 'bowl:rice:cooker': [], 'lid:rice:cooker': [], 'sponge': [], 'towel:tea': [], 'tray:steamer': [], 'dough': [], 'stick:cocktail': [], 'wrapper:oil': [], 'packet:yeast': [], 'film:plastic': [], 'board:chopping': [], 'package:carrot': [], 'bag': [], 'cucumber': [], 'broccoli': []}"
P04_109,"['knife', 'bag:carrot', 'jug:measuring', 'carrot', 'slice:carrot', 'bit:carrot', 'piece:carrot', 'cucumber', 'handful:carrot', 'piece:cucumber', 'bit:cucumber', 'lid:steamer', 'vinegar:rice', 'sugar', 'clip', 'bag:sugar', 'foil', 'teaspoon', 'broccoli', 'pan', 'sponge', 'liquid:washing:up', 'towel:tea', 'starter', 'yoghurt', 'sauce:spicy:bean', 'oil:sesame', 'floret:broccoli', 'plastic', 'chunk:carrot', 'tofu', 'lid:rice:cooker', 'dough', 'roll:kitchen', 'ramekin', 'packet', 'peanut', 'packet:peanut', 'band:rubber', 'ramekin:peanut', 'packet:coriander', 'coriander', 'stalk:coriander', 'piece:coriander', 'block:tofu', 'piece:tofu', 'bag:coriander', 'spatula']","{'knife': [], 'bag:carrot': [], 'jug:measuring': [], 'carrot': [], 'slice:carrot': [], 'bit:carrot': [], 'piece:carrot': [], 'cucumber': [], 'handful:carrot': [], 'piece:cucumber': [], 'bit:cucumber': [], 'lid:steamer': [], 'vinegar:rice': [], 'sugar': [], 'clip': [], 'bag:sugar': [], 'foil': [], 'teaspoon': [], 'broccoli': [], 'pan': [], 'sponge': [], 'liquid:washing:up': [], 'towel:tea': [], 'starter': [], 'yoghurt': [], 'sauce:spicy:bean': [], 'oil:sesame': [], 'floret:broccoli': [2, 1, 2], 'plastic': [], 'chunk:carrot': [], 'tofu': [], 'lid:rice:cooker': [], 'dough': [], 'roll:kitchen': [], 'ramekin': [], 'packet': [], 'peanut': [], 'packet:peanut': [], 'band:rubber': [], 'ramekin:peanut': [], 'packet:coriander': [], 'coriander': [], 'stalk:coriander': [], 'piece:coriander': [], 'block:tofu': [], 'piece:tofu': [], 'bag:coriander': [], 'spatula': []}","{'knife': [], 'bag:carrot': [], 'jug:measuring': [], 'carrot': [], 'slice:carrot': [], 'bit:carrot': [], 'piece:carrot': [], 'cucumber': [], 'handful:carrot': [], 'piece:cucumber': [], 'bit:cucumber': [], 'lid:steamer': [], 'vinegar:rice': [], 'sugar': [], 'clip': [], 'bag:sugar': [], 'foil': [], 'teaspoon': [], 'broccoli': [], 'pan': [], 'sponge': [], 'liquid:washing:up': [], 'towel:tea': [], 'starter': [], 'yoghurt': [], 'sauce:spicy:bean': [], 'oil:sesame': [], 'floret:broccoli': [2, 1, 2], 'plastic': [], 'chunk:carrot': [], 'tofu': [], 'lid:rice:cooker': [], 'dough': [], 'roll:kitchen': [], 'ramekin': [], 'packet': [], 'peanut': [], 'packet:peanut': [], 'band:rubber': [], 'ramekin:peanut': [], 'packet:coriander': [], 'coriander': [], 'stalk:coriander': [], 'piece:coriander': [], 'block:tofu': [], 'piece:tofu': [], 'bag:coriander': [], 'spatula': []}"
P04_110,"['spatula', 'lid', 'lid:rice:cooker', 'dish:oven', 'mug', 'egg', 'gochujang', 'teaspoon', 'oil:sesame', 'sauce:soy', 'sugar', 'vinegar:rice', 'sauce:spicy:bean', 'spoon', 'plate', 'tray:baking', 'dough', 'bun:steamed', 'towel:tea', 'pin:rolling', 'pan', 'piece:tofu', 'piece:broccoli', 'peanut', 'jug:measuring', 'ramekin:peanut', 'ramekin:coriander', 'knife', 'board:chopping', 'sponge', 'packet:coriander', 'bowl', 'kitchen', 'ball:dough', 'roll:kitchen', 'bao']","{'spatula': [], 'lid': [], 'lid:rice:cooker': [], 'dish:oven': [], 'mug': [], 'egg': [], 'gochujang': [], 'teaspoon': [], 'oil:sesame': [], 'sauce:soy': [], 'sugar': [], 'vinegar:rice': [], 'sauce:spicy:bean': [], 'spoon': [], 'plate': [], 'tray:baking': [], 'dough': [2, 1, 2], 'bun:steamed': [], 'towel:tea': [], 'pin:rolling': [], 'pan': [], 'piece:tofu': [], 'piece:broccoli': [], 'peanut': [], 'jug:measuring': [], 'ramekin:peanut': [], 'ramekin:coriander': [], 'knife': [], 'board:chopping': [], 'sponge': [], 'packet:coriander': [], 'bowl': [], 'kitchen': [], 'ball:dough': [], 'roll:kitchen': [], 'bao': []}","{'spatula': [], 'lid': [], 'lid:rice:cooker': [], 'dish:oven': [], 'mug': [], 'egg': [], 'gochujang': [], 'teaspoon': [], 'oil:sesame': [], 'sauce:soy': [], 'sugar': [], 'vinegar:rice': [], 'sauce:spicy:bean': [], 'spoon': [], 'plate': [], 'tray:baking': [], 'dough': [2, 1, 2], 'bun:steamed': [], 'towel:tea': [], 'pin:rolling': [], 'pan': [], 'piece:tofu': [], 'piece:broccoli': [], 'peanut': [], 'jug:measuring': [], 'ramekin:peanut': [], 'ramekin:coriander': [], 'knife': [], 'board:chopping': [], 'sponge': [], 'packet:coriander': [], 'bowl': [], 'kitchen': [], 'ball:dough': [], 'roll:kitchen': [], 'bao': []}"
P04_111,"['spatula', 'lid:rice:cooker', 'knife', 'dish:oven', 'plate', 'scissors', 'belly:pork']","{'spatula': [], 'lid:rice:cooker': [], 'knife': [], 'dish:oven': [2, 1, 1], 'plate': [], 'scissors': [], 'belly:pork': []}","{'spatula': [], 'lid:rice:cooker': [], 'knife': [], 'dish:oven': [2, 1, 1], 'plate': [], 'scissors': [], 'belly:pork': []}"
P04_112,"['plate', 'fork', 'jug:measuring', 'bun:bao', 'tupperware', 'spoon', 'oil:truffle', 'lid:tupperware', 'cutlery', 'piece:tofu', 'towel:tea', 'bowl', 'flour', 'phone', 'ball:flour', 'ball:dough', 'dough', 'box:cling:film', 'roll:cling:film', 'cheese', 'carton:egg', 'puree:tomato', 'mayonnaise', 'film:cling']","{'plate': [], 'fork': [], 'jug:measuring': [], 'bun:bao': [], 'tupperware': [], 'spoon': [], 'oil:truffle': [], 'lid:tupperware': [], 'cutlery': [], 'piece:tofu': [], 'towel:tea': [], 'bowl': [], 'flour': [], 'phone': [], 'ball:flour': [], 'ball:dough': [], 'dough': [], 'box:cling:film': [], 'roll:cling:film': [], 'cheese': [], 'carton:egg': [], 'puree:tomato': [], 'mayonnaise': [], 'film:cling': []}","{'plate': [], 'fork': [], 'jug:measuring': [], 'bun:bao': [], 'tupperware': [], 'spoon': [], 'oil:truffle': [], 'lid:tupperware': [], 'cutlery': [], 'piece:tofu': [], 'towel:tea': [], 'bowl': [], 'flour': [], 'phone': [], 'ball:flour': [], 'ball:dough': [], 'dough': [], 'box:cling:film': [], 'roll:cling:film': [], 'cheese': [], 'carton:egg': [], 'puree:tomato': [], 'mayonnaise': [], 'film:cling': []}"
P04_113,"['tray:baking', 'towel:tea', 'board:chopping', 'spatula', 'knife', 'lid:tupperware', 'pot:tupperware', 'tupperware', 'mug', 'film:cling', 'pan:cast:iron', 'bowl', 'saucepan', 'mug:glass', 'grater:cheese', 'bowl:plate', 'pan:frying', 'spoon:measuring', 'tub:tupperware', 'colander', 'glass', 'tray:cutlery', 'spoon', 'teaspoon', 'press:garlic', 'fork', 'ramekin', 'plate', 'scissors', 'pan', 'bowl:rice:cooker', 'plug', 'lid:rice:cooker', 'pin:rolling', 'packet:tofu', 'rubbish', 'dish:oven', 'chopstick', 'jar:spicy:bean:paste', 'lid:saucepan', 'jar', 'brush', 'liquid:washing:up', 'sauce:soy', 'packet:coriander', 'lid:jar', 'sponge', 'flour', 'bag:flour', 'skin:garlic', 'packet:peanut', 'scraper', 'dustpan', 'kettle', 'sheath', 'glove:oven', 'bowl:dough']","{'tray:baking': [], 'towel:tea': [], 'board:chopping': [], 'spatula': [], 'knife': [], 'lid:tupperware': [], 'pot:tupperware': [], 'tupperware': [], 'mug': [], 'film:cling': [], 'pan:cast:iron': [], 'bowl': [], 'saucepan': [], 'mug:glass': [], 'grater:cheese': [], 'bowl:plate': [], 'pan:frying': [], 'spoon:measuring': [], 'tub:tupperware': [], 'colander': [], 'glass': [], 'tray:cutlery': [], 'spoon': [], 'teaspoon': [], 'press:garlic': [], 'fork': [], 'ramekin': [], 'plate': [], 'scissors': [], 'pan': [], 'bowl:rice:cooker': [], 'plug': [], 'lid:rice:cooker': [], 'pin:rolling': [], 'packet:tofu': [], 'rubbish': [], 'dish:oven': [], 'chopstick': [], 'jar:spicy:bean:paste': [], 'lid:saucepan': [], 'jar': [], 'brush': [], 'liquid:washing:up': [], 'sauce:soy': [], 'packet:coriander': [], 'lid:jar': [], 'sponge': [], 'flour': [], 'bag:flour': [], 'skin:garlic': [], 'packet:peanut': [], 'scraper': [], 'dustpan': [], 'kettle': [], 'sheath': [], 'glove:oven': [], 'bowl:dough': []}","{'tray:baking': [], 'towel:tea': [], 'board:chopping': [], 'spatula': [], 'knife': [], 'lid:tupperware': [], 'pot:tupperware': [], 'tupperware': [], 'mug': [], 'film:cling': [], 'pan:cast:iron': [], 'bowl': [], 'saucepan': [], 'mug:glass': [], 'grater:cheese': [], 'bowl:plate': [], 'pan:frying': [], 'spoon:measuring': [], 'tub:tupperware': [], 'colander': [], 'glass': [], 'tray:cutlery': [], 'spoon': [], 'teaspoon': [], 'press:garlic': [], 'fork': [], 'ramekin': [], 'plate': [], 'scissors': [], 'pan': [], 'bowl:rice:cooker': [], 'plug': [], 'lid:rice:cooker': [], 'pin:rolling': [], 'packet:tofu': [], 'rubbish': [], 'dish:oven': [], 'chopstick': [], 'jar:spicy:bean:paste': [], 'lid:saucepan': [], 'jar': [], 'brush': [], 'liquid:washing:up': [], 'sauce:soy': [], 'packet:coriander': [], 'lid:jar': [], 'sponge': [], 'flour': [], 'bag:flour': [], 'skin:garlic': [], 'packet:peanut': [], 'scraper': [], 'dustpan': [], 'kettle': [], 'sheath': [], 'glove:oven': [], 'bowl:dough': []}"
P04_115,"['glove:oven', 'tray:baking', 'pan:frying', 'pan:cast:iron', 'knife', 'stick:cocktail', 'saucepan', 'butter', 'lid', 'spoon', 'egg', 'bowl', 'eggshell', 'carton:egg', 'fork', 'bun:bao', 'lid:rice:cooker']","{'glove:oven': [], 'tray:baking': [], 'pan:frying': [], 'pan:cast:iron': [2, 1, 1], 'knife': [], 'stick:cocktail': [], 'saucepan': [], 'butter': [], 'lid': [], 'spoon': [], 'egg': [], 'bowl': [], 'eggshell': [], 'carton:egg': [], 'fork': [], 'bun:bao': [2, 1, 2], 'lid:rice:cooker': []}","{'glove:oven': [], 'tray:baking': [], 'pan:frying': [], 'pan:cast:iron': [2, 1, 1], 'knife': [], 'stick:cocktail': [], 'saucepan': [], 'butter': [], 'lid': [], 'spoon': [], 'egg': [], 'bowl': [], 'eggshell': [], 'carton:egg': [], 'fork': [], 'bun:bao': [2, 1, 2], 'lid:rice:cooker': []}"
P04_116,"['bowl', 'spatula', 'fork', 'yoghurt:greek', 'teaspoon', 'cutlery', 'pepper', 'salt', 'iron:cast', 'loaf:bread', 'towel:tea', 'pan', 'butter', 'tray:baking', 'bowl:plate', 'yoghurt', 'lid', 'spoon', 'glove:oven', 'pan:cast:iron', 'board:chopping', 'knife', 'bread', 'knife:bread', 'end:bread', 'slice:bread']","{'bowl': [], 'spatula': [], 'fork': [], 'yoghurt:greek': [], 'teaspoon': [], 'cutlery': [], 'pepper': [], 'salt': [], 'iron:cast': [], 'loaf:bread': [2, 1, 2], 'towel:tea': [], 'pan': [2, 1, 2], 'butter': [], 'tray:baking': [], 'bowl:plate': [], 'yoghurt': [], 'lid': [], 'spoon': [], 'glove:oven': [], 'pan:cast:iron': [], 'board:chopping': [], 'knife': [], 'bread': [], 'knife:bread': [], 'end:bread': [], 'slice:bread': []}","{'bowl': [2, 1, 2], 'spatula': [], 'fork': [], 'yoghurt:greek': [], 'teaspoon': [], 'cutlery': [], 'pepper': [], 'salt': [], 'iron:cast': [], 'loaf:bread': [2, 1, 1], 'towel:tea': [], 'pan': [2, 1, 2], 'butter': [], 'tray:baking': [], 'bowl:plate': [], 'yoghurt': [], 'lid': [], 'spoon': [], 'glove:oven': [], 'pan:cast:iron': [], 'board:chopping': [], 'knife': [], 'bread': [], 'knife:bread': [], 'end:bread': [], 'slice:bread': []}"
P04_117,"['towel:tea', 'knife:bread', 'slice:bread', 'knife', 'spatula', 'lid:yoghurt', 'pepper', 'lid', 'loaf:bread', 'bread', 'tub:butter', 'saucepan']","{'towel:tea': [], 'knife:bread': [], 'slice:bread': [], 'knife': [], 'spatula': [], 'lid:yoghurt': [], 'pepper': [], 'lid': [], 'loaf:bread': [], 'bread': [], 'tub:butter': [], 'saucepan': [2, 1, 2]}","{'towel:tea': [], 'knife:bread': [], 'slice:bread': [], 'knife': [], 'spatula': [], 'lid:yoghurt': [], 'pepper': [], 'lid': [], 'loaf:bread': [], 'bread': [], 'tub:butter': [], 'saucepan': [2, 1, 2]}"
P04_119,"['glove:rubber', 'towel:tea', 'instruction', 'knife', 'tablet:rennet', 'chunk:rennet:tablet', 'crumb:rennet:tablet', 'tablet', 'kettle', 'ramekin', 'lead:kettle', 'plug:kettle', 'bottle:milk', 'sausage:corn', 'sausage:quorn:cocktail', 'bite', 'spoon', 'packet', 'portion:rennet:tablet', 'bag', 'spoon:measuring', 'saucepan', 'pan', 'wok', 'lid:milk:bottle', 'spatula', 'teaspoon', 'thermometer', 'lid']","{'glove:rubber': [], 'towel:tea': [], 'instruction': [], 'knife': [], 'tablet:rennet': [], 'chunk:rennet:tablet': [], 'crumb:rennet:tablet': [], 'tablet': [], 'kettle': [], 'ramekin': [], 'lead:kettle': [], 'plug:kettle': [], 'bottle:milk': [], 'sausage:corn': [], 'sausage:quorn:cocktail': [], 'bite': [], 'spoon': [], 'packet': [], 'portion:rennet:tablet': [], 'bag': [], 'spoon:measuring': [], 'saucepan': [], 'pan': [], 'wok': [], 'lid:milk:bottle': [], 'spatula': [], 'teaspoon': [], 'thermometer': [], 'lid': []}","{'glove:rubber': [], 'towel:tea': [], 'instruction': [], 'knife': [], 'tablet:rennet': [], 'chunk:rennet:tablet': [], 'crumb:rennet:tablet': [], 'tablet': [], 'kettle': [], 'ramekin': [], 'lead:kettle': [], 'plug:kettle': [], 'bottle:milk': [], 'sausage:corn': [], 'sausage:quorn:cocktail': [], 'bite': [], 'spoon': [], 'packet': [], 'portion:rennet:tablet': [], 'bag': [], 'spoon:measuring': [], 'saucepan': [], 'pan': [], 'wok': [], 'lid:milk:bottle': [], 'spatula': [], 'teaspoon': [], 'thermometer': [], 'lid': []}"
P04_120,"['spatula', 'spoon', 'teaspoon', 'thermometer', 'bottle:water', 'instruction', 'packet:tablet', 'bottle:milk', 'top', 'towel:tea', 'knife', 'bowl:plate', 'ramekin', 'sponge', 'saucepan', 'lid:saucepan', 'bowl', 'pin:rolling', 'plate', 'tray:baking', 'board:chopping', 'scourer', 'pan', 'dish:oven', 'holder:cutlery', 'fork', 'brush:pastry', 'tablespoon', 'chopstick', 'scissors', 'spoon:measuring']","{'spatula': [], 'spoon': [], 'teaspoon': [], 'thermometer': [], 'bottle:water': [], 'instruction': [], 'packet:tablet': [], 'bottle:milk': [], 'top': [], 'towel:tea': [], 'knife': [], 'bowl:plate': [], 'ramekin': [], 'sponge': [], 'saucepan': [], 'lid:saucepan': [], 'bowl': [], 'pin:rolling': [], 'plate': [], 'tray:baking': [], 'board:chopping': [], 'scourer': [], 'pan': [], 'dish:oven': [], 'holder:cutlery': [], 'fork': [], 'brush:pastry': [], 'tablespoon': [], 'chopstick': [], 'scissors': [], 'spoon:measuring': []}","{'spatula': [2, 1, 2], 'spoon': [], 'teaspoon': [], 'thermometer': [], 'bottle:water': [], 'instruction': [], 'packet:tablet': [], 'bottle:milk': [], 'top': [], 'towel:tea': [], 'knife': [], 'bowl:plate': [], 'ramekin': [], 'sponge': [], 'saucepan': [], 'lid:saucepan': [], 'bowl': [], 'pin:rolling': [], 'plate': [], 'tray:baking': [], 'board:chopping': [], 'scourer': [], 'pan': [], 'dish:oven': [], 'holder:cutlery': [], 'fork': [], 'brush:pastry': [], 'tablespoon': [], 'chopstick': [], 'scissors': [], 'spoon:measuring': []}"
P04_121,"['spatula', 'knife', 'curd:cheese', 'thermometer', 'ramekin', 'tablespoon', 'tray:baking', 'board:chopping', 'sponge', 'liquid:washing:up', 'towel:tea', 'bowl:rice:cooker', 'steamer', 'tray:steamer', 'lid:rice:cooker', 'spoon', 'box', 'cooker:rice', 'kettle', 'stand:kettle', 'bottle:milk', 'bottle:oil', 'bottle:water', 'mug', 'bowl', 'scourer', 'water', 'spatula:sieve', 'glove:rubber', 'case:thermometer', 'cheese', 'instruction', 'bag', 'booklet:instruction', 'teaspoon', 'ball:mozzarella', 'tray:ice:cube', 'cube:ice', 'pan']","{'spatula': [], 'knife': [], 'curd:cheese': [], 'thermometer': [], 'ramekin': [], 'tablespoon': [], 'tray:baking': [], 'board:chopping': [], 'sponge': [], 'liquid:washing:up': [], 'towel:tea': [], 'bowl:rice:cooker': [], 'steamer': [], 'tray:steamer': [], 'lid:rice:cooker': [], 'spoon': [], 'box': [], 'cooker:rice': [], 'kettle': [], 'stand:kettle': [], 'bottle:milk': [], 'bottle:oil': [], 'bottle:water': [], 'mug': [], 'bowl': [], 'scourer': [], 'water': [], 'spatula:sieve': [], 'glove:rubber': [], 'case:thermometer': [], 'cheese': [], 'instruction': [], 'bag': [], 'booklet:instruction': [], 'teaspoon': [], 'ball:mozzarella': [], 'tray:ice:cube': [], 'cube:ice': [], 'pan': []}","{'spatula': [], 'knife': [], 'curd:cheese': [], 'thermometer': [], 'ramekin': [], 'tablespoon': [], 'tray:baking': [], 'board:chopping': [], 'sponge': [], 'liquid:washing:up': [], 'towel:tea': [], 'bowl:rice:cooker': [], 'steamer': [], 'tray:steamer': [], 'lid:rice:cooker': [], 'spoon': [], 'box': [], 'cooker:rice': [], 'kettle': [], 'stand:kettle': [], 'bottle:milk': [], 'bottle:oil': [], 'bottle:water': [], 'mug': [], 'bowl': [], 'scourer': [], 'water': [], 'spatula:sieve': [], 'glove:rubber': [], 'case:thermometer': [], 'cheese': [], 'instruction': [], 'bag': [], 'booklet:instruction': [], 'teaspoon': [], 'ball:mozzarella': [], 'tray:ice:cube': [], 'cube:ice': [], 'pan': []}"
P06_101,"['pepper', 'onion', 'vegetable', 'potato:sweet', 'garlic', 'board:chopping', 'knife', 'sharpener:knife', 'spoon', 'pan', 'lid', 'oil:olive', 'sticker', 'chilli', 'bag', 'rubbish', 'salt', 'tomato:chopped', 'colander', 'can', 'opener:can', 'chocolate', 'spice', 'stock', 'cube:stock', 'tray', 'packet', 'oil', 'liquid:washing:up', 'recycling', 'bin:food:recycling', 'bin:recycling', 'pot', 'towel']","{'pepper': [], 'onion': [], 'vegetable': [], 'potato:sweet': [], 'garlic': [0, 1, 2], 'board:chopping': [], 'knife': [], 'sharpener:knife': [], 'spoon': [], 'pan': [], 'lid': [], 'oil:olive': [], 'sticker': [], 'chilli': [], 'bag': [], 'rubbish': [], 'salt': [5, 1, 2], 'tomato:chopped': [], 'colander': [], 'can': [5, 1, 2], 'opener:can': [], 'chocolate': [5, 1, 2], 'spice': [], 'stock': [], 'cube:stock': [], 'tray': [], 'packet': [], 'oil': [], 'liquid:washing:up': [], 'recycling': [], 'bin:food:recycling': [], 'bin:recycling': [], 'pot': [], 'towel': []}","{'pepper': [], 'onion': [], 'vegetable': [], 'potato:sweet': [], 'garlic': [0, 1, 2], 'board:chopping': [], 'knife': [], 'sharpener:knife': [], 'spoon': [], 'pan': [], 'lid': [], 'oil:olive': [], 'sticker': [], 'chilli': [], 'bag': [], 'rubbish': [], 'salt': [5, 1, 2], 'tomato:chopped': [], 'colander': [], 'can': [5, 1, 2], 'opener:can': [], 'chocolate': [5, 1, 2], 'spice': [], 'stock': [], 'cube:stock': [], 'tray': [], 'packet': [], 'oil': [], 'liquid:washing:up': [], 'recycling': [], 'bin:food:recycling': [], 'bin:recycling': [], 'pot': [], 'towel': []}"
P06_102,"['bowl', 'sieve', 'spoon', 'lid', 'flour', 'scale', 'salt', 'yeast', 'knife', 'kettle', 'dough', 'sponge', 'rubbish', 'towel', 'film:cling']","{'bowl': [], 'sieve': [], 'spoon': [], 'lid': [], 'flour': [], 'scale': [], 'salt': [], 'yeast': [], 'knife': [], 'kettle': [], 'dough': [], 'sponge': [], 'rubbish': [], 'towel': [], 'film:cling': []}","{'bowl': [], 'sieve': [], 'spoon': [], 'lid': [], 'flour': [5, 1, 3], 'scale': [], 'salt': [], 'yeast': [], 'knife': [], 'kettle': [], 'dough': [], 'sponge': [], 'rubbish': [], 'towel': [], 'film:cling': []}"
P06_103,"['glove:oven', 'spoon', 'lid', 'pan', 'board:chopping', 'fork', 'potato:sweet', 'kettle', 'rice', 'colander', 'sieve', 'bowl', 'cup', 'glass', 'salt', 'cutlery', 'plate', 'knife', 'wrap', 'cheese']","{'glove:oven': [], 'spoon': [], 'lid': [], 'pan': [], 'board:chopping': [], 'fork': [], 'potato:sweet': [], 'kettle': [], 'rice': [], 'colander': [], 'sieve': [], 'bowl': [], 'cup': [], 'glass': [], 'salt': [], 'cutlery': [], 'plate': [], 'knife': [], 'wrap': [], 'cheese': []}","{'glove:oven': [], 'spoon': [], 'lid': [], 'pan': [5, 1, 1], 'board:chopping': [], 'fork': [], 'potato:sweet': [], 'kettle': [], 'rice': [], 'colander': [], 'sieve': [], 'bowl': [], 'cup': [], 'glass': [], 'salt': [], 'cutlery': [], 'plate': [], 'knife': [], 'wrap': [], 'cheese': []}"
P06_104,"['spoon', 'lid', 'rice', 'glove:oven', 'pan', 'fork', 'potato:sweet', 'kettle']","{'spoon': [], 'lid': [], 'rice': [], 'glove:oven': [], 'pan': [], 'fork': [], 'potato:sweet': [], 'kettle': []}","{'spoon': [], 'lid': [], 'rice': [], 'glove:oven': [], 'pan': [5, 1, 1], 'fork': [], 'potato:sweet': [], 'kettle': []}"
P06_105,"['glove:oven', 'lid', 'spoon', 'cheese', 'cup']","{'glove:oven': [], 'lid': [], 'spoon': [], 'cheese': [], 'cup': []}","{'glove:oven': [], 'lid': [], 'spoon': [], 'cheese': [], 'cup': []}"
P06_106,"['fork', 'lid', 'pan', 'kettle', 'colander', 'spoon', 'plate', 'cheese', 'grater:cheese', 'packet:cheese']","{'fork': [], 'lid': [], 'pan': [], 'kettle': [], 'colander': [], 'spoon': [], 'plate': [], 'cheese': [], 'grater:cheese': [], 'packet:cheese': []}","{'fork': [], 'lid': [], 'pan': [], 'kettle': [], 'colander': [], 'spoon': [], 'plate': [], 'cheese': [], 'grater:cheese': [], 'packet:cheese': []}"
P06_108,"['olive', 'pan', 'dough', 'flour', 'spoon', 'tomato:chopped', 'mozzarella', 'knife', 'lid', 'tuna', 'opener:can', 'fork', 'towel', 'foil:silver', 'phone', 'packet', 'bowl', 'liquid:washing:up']","{'olive': [], 'pan': [], 'dough': [], 'flour': [], 'spoon': [], 'tomato:chopped': [3, 1, 2], 'mozzarella': [], 'knife': [], 'lid': [], 'tuna': [], 'opener:can': [], 'fork': [], 'towel': [], 'foil:silver': [], 'phone': [], 'packet': [], 'bowl': [], 'liquid:washing:up': []}","{'olive': [], 'pan': [], 'dough': [], 'flour': [], 'spoon': [], 'tomato:chopped': [5, 1, 2], 'mozzarella': [], 'knife': [], 'lid': [], 'tuna': [], 'opener:can': [], 'fork': [], 'towel': [], 'foil:silver': [], 'phone': [], 'packet': [], 'bowl': [], 'liquid:washing:up': []}"
P06_110,"['pizza', 'board:chopping', 'pan', 'knife']","{'pizza': [5, 1, 1], 'board:chopping': [], 'pan': [], 'knife': []}","{'pizza': [5, 1, 1], 'board:chopping': [], 'pan': [], 'knife': []}"
P07_101,"['pan', 'bag', 'ham', 'maker:coffee', 'roll:paper', 'board:cutting', 'cheese', 'knife', 'omelette', 'spoon', 'chorizo', 'plate', 'tray']","{'pan': [], 'bag': [], 'ham': [4, 1, 2], 'maker:coffee': [], 'roll:paper': [], 'board:cutting': [], 'cheese': [], 'knife': [], 'omelette': [4, 1, 2], 'spoon': [], 'chorizo': [4, 1, 2], 'plate': [], 'tray': []}","{'pan': [4, 1, 1], 'bag': [], 'ham': [4, 1, 2], 'maker:coffee': [], 'roll:paper': [], 'board:cutting': [], 'cheese': [], 'knife': [], 'omelette': [4, 1, 2], 'spoon': [], 'chorizo': [4, 1, 2], 'plate': [], 'tray': []}"
P07_103,"['plate', 'towel', 'glove', 'rack:oven', 'tray']","{'plate': [], 'towel': [], 'glove': [], 'rack:oven': [], 'tray': [4, 1, 2]}","{'plate': [], 'towel': [], 'glove': [], 'rack:oven': [], 'tray': [4, 1, 1]}"
P07_113,"['cup', 'jug', 'glass', 'pot', 'container', 'cloth', 'bag', 'grain:rice', 'onion', 'board:cutting', 'soap', 'jar', 'garlic', 'knife', 'spoon', 'lid', 'plug', 'container:salt', 'peel', 'colander']","{'cup': [], 'jug': [], 'glass': [], 'pot': [], 'container': [], 'cloth': [], 'bag': [], 'grain:rice': [], 'onion': [], 'board:cutting': [], 'soap': [], 'jar': [], 'garlic': [], 'knife': [], 'spoon': [], 'lid': [], 'plug': [], 'container:salt': [], 'peel': [], 'colander': []}","{'cup': [], 'jug': [], 'glass': [], 'pot': [], 'container': [], 'cloth': [], 'bag': [], 'grain:rice': [], 'onion': [], 'board:cutting': [], 'soap': [], 'jar': [], 'garlic': [2, 1, 3], 'knife': [], 'spoon': [], 'lid': [], 'plug': [], 'container:salt': [], 'peel': [], 'colander': []}"
P07_114,"['lid', 'vegetable', 'pot', 'jug', 'bag', 'colander', 'broccoli']","{'lid': [], 'vegetable': [], 'pot': [4, 1, 2], 'jug': [], 'bag': [], 'colander': [], 'broccoli': []}","{'lid': [], 'vegetable': [4, 1, 2], 'pot': [4, 1, 2], 'jug': [], 'bag': [], 'colander': [], 'broccoli': []}"
P07_115,"['spoon', 'sponge', 'bottle', 'lid', 'knife', 'board:cutting', 'lighter', 'roll:paper', 'jug', 'pot', 'colander', 'glove', 'cloth', 'container', 'fork']","{'spoon': [], 'sponge': [], 'bottle': [], 'lid': [], 'knife': [], 'board:cutting': [], 'lighter': [], 'roll:paper': [], 'jug': [], 'pot': [], 'colander': [], 'glove': [], 'cloth': [], 'container': [], 'fork': []}","{'spoon': [], 'sponge': [], 'bottle': [], 'lid': [], 'knife': [], 'board:cutting': [], 'lighter': [], 'roll:paper': [], 'jug': [], 'pot': [], 'colander': [], 'glove': [], 'cloth': [], 'container': [], 'fork': []}"
P07_116,"['fork', 'lid', 'pot', 'plate', 'container', 'spoon', 'knife']","{'fork': [], 'lid': [], 'pot': [], 'plate': [], 'container': [], 'spoon': [], 'knife': []}","{'fork': [], 'lid': [], 'pot': [], 'plate': [], 'container': [], 'spoon': [], 'knife': []}"
P09_103,"['bottle:oil', 'condiment', 'breast:chicken', 'chicken', 'knife', 'spoon', 'trash', 'powder:garlic', 'pepper']","{'bottle:oil': [3, 1, 1], 'condiment': [], 'breast:chicken': [], 'chicken': [], 'knife': [], 'spoon': [], 'trash': [], 'powder:garlic': [], 'pepper': []}","{'bottle:oil': [3, 1, 2], 'condiment': [], 'breast:chicken': [], 'chicken': [], 'knife': [], 'spoon': [], 'trash': [], 'powder:garlic': [], 'pepper': []}"
P09_104,"['jug', 'pan', 'sponge', 'towel', 'banana', 'strawberry', 'chorizo', 'honey', 'milk', 'milk:soy', 'plate', 'cheese', 'bottle:oil', 'egg', 'shell']","{'jug': [], 'pan': [], 'sponge': [], 'towel': [], 'banana': [], 'strawberry': [], 'chorizo': [], 'honey': [], 'milk': [], 'milk:soy': [], 'plate': [], 'cheese': [], 'bottle:oil': [], 'egg': [3, 1, 2], 'shell': [3, 1, 1]}","{'jug': [], 'pan': [], 'sponge': [], 'towel': [], 'banana': [], 'strawberry': [], 'chorizo': [], 'honey': [], 'milk': [], 'milk:soy': [], 'plate': [], 'cheese': [], 'bottle:oil': [], 'egg': [3, 1, 2], 'shell': [3, 1, 2]}"
P09_106,"['plate', 'spoon', 'pot', 'rice', 'lid', 'juice', 'cup', 'fork', 'food']","{'plate': [], 'spoon': [], 'pot': [], 'rice': [], 'lid': [], 'juice': [], 'cup': [], 'fork': [], 'food': [1, 1, 3]}","{'plate': [], 'spoon': [], 'pot': [], 'rice': [], 'lid': [], 'juice': [], 'cup': [], 'fork': [], 'food': [1, 1, 3]}"
P11_101,"['pot', 'machine:sous:vide', 'salmon', 'jug:measuring', 'packaging']","{'pot': [], 'machine:sous:vide': [], 'salmon': [], 'jug:measuring': [], 'packaging': []}","{'pot': [], 'machine:sous:vide': [], 'salmon': [], 'jug:measuring': [], 'packaging': []}"
P11_102,"['pot', 'kettle', 'leek', 'kale', 'board:chopping', 'knife', 'sharpener:knife', 'lid', 'skin:leaf', 'cylinder:measuring']","{'pot': [], 'kettle': [], 'leek': [], 'kale': [], 'board:chopping': [], 'knife': [], 'sharpener:knife': [], 'lid': [], 'skin:leaf': [], 'cylinder:measuring': []}","{'pot': [], 'kettle': [], 'leek': [], 'kale': [], 'board:chopping': [], 'knife': [], 'sharpener:knife': [], 'lid': [], 'skin:leaf': [], 'cylinder:measuring': []}"
P11_103,"['lid', 'knife', 'board:chopping', 'kale', 'block:chopping', 'bowl', 'packaging', 'fork', 'sponge', 'pan', 'rag:dish']","{'lid': [], 'knife': [], 'board:chopping': [], 'kale': [], 'block:chopping': [], 'bowl': [], 'packaging': [], 'fork': [], 'sponge': [], 'pan': [], 'rag:dish': []}","{'lid': [], 'knife': [], 'board:chopping': [], 'kale': [], 'block:chopping': [], 'bowl': [], 'packaging': [], 'fork': [], 'sponge': [], 'pan': [], 'rag:dish': []}"
P11_104,"['colander', 'lid', 'pot', 'kale', 'sponge', 'salmon', 'oil:olive', 'bowl', 'spatula', 'skin:fish', 'brush', 'pan', 'fork', 'sauce:black:bean', 'sauce:soy', 'towel:paper', 'vegetable', 'rubbish', 'spoon']","{'colander': [], 'lid': [], 'pot': [], 'kale': [], 'sponge': [], 'salmon': [], 'oil:olive': [], 'bowl': [], 'spatula': [], 'skin:fish': [2, 3, 2], 'brush': [], 'pan': [], 'fork': [], 'sauce:black:bean': [], 'sauce:soy': [], 'towel:paper': [], 'vegetable': [], 'rubbish': [], 'spoon': []}","{'colander': [], 'lid': [], 'pot': [], 'kale': [], 'sponge': [], 'salmon': [2, 3, 2], 'oil:olive': [], 'bowl': [], 'spatula': [], 'skin:fish': [2, 3, 2], 'brush': [], 'pan': [], 'fork': [], 'sauce:black:bean': [], 'sauce:soy': [], 'towel:paper': [], 'vegetable': [], 'rubbish': [], 'spoon': []}"
P11_105,"['pizza', 'tray:oven', 'box:pizza', 'knife', 'packaging:pizza', 'sharpener:knife', 'board:chopping', 'tomato', 'mushroom', 'onion', 'slicer']","{'pizza': [0, 3, 1], 'tray:oven': [], 'box:pizza': [], 'knife': [], 'packaging:pizza': [], 'sharpener:knife': [], 'board:chopping': [], 'tomato': [0, 3, 1], 'mushroom': [0, 3, 2], 'onion': [], 'slicer': []}","{'pizza': [0, 3, 3], 'tray:oven': [], 'box:pizza': [], 'knife': [], 'packaging:pizza': [], 'sharpener:knife': [], 'board:chopping': [], 'tomato': [0, 3, 3], 'mushroom': [0, 3, 3], 'onion': [], 'slicer': []}"
P11_107,"['plate', 'tray', 'scissors', 'fork', 'paper:tissue', 'pizza']","{'plate': [], 'tray': [2, 3, 1], 'scissors': [], 'fork': [], 'paper:tissue': [], 'pizza': []}","{'plate': [], 'tray': [2, 3, 1], 'scissors': [], 'fork': [], 'paper:tissue': [], 'pizza': []}"
P12_101,"['knife', 'trash', 'meat', 'onion', 'stock', 'cheese', 'saucepan', 'oil', 'salt', 'tea', 'spice', 'fork', 'box:meat', 'box', 'bin:trash', 'bag:plastic', 'cloth', 'lid:saucepan', 'spoon', 'container:salt', 'meat:minced', 'mug', 'container:spice', 'container:oil', 'container:pepper', 'plate', 'container:stock', 'box:stock:container', 'boiler:water', 'onion:chopped', 'grinder', 'pan:frying', 'grinder:cheese', 'soup', 'cheese:grated', 'cheese:cream', 'mozzarella', 'bag:mozzarella', 'container:cream:cheese', 'roll:paper', 'paper']","{'knife': [], 'trash': [], 'meat': [], 'onion': [], 'stock': [], 'cheese': [], 'saucepan': [], 'oil': [], 'salt': [], 'tea': [], 'spice': [], 'fork': [], 'box:meat': [], 'box': [], 'bin:trash': [], 'bag:plastic': [], 'cloth': [], 'lid:saucepan': [], 'spoon': [], 'container:salt': [], 'meat:minced': [], 'mug': [], 'container:spice': [], 'container:oil': [], 'container:pepper': [], 'plate': [], 'container:stock': [], 'box:stock:container': [], 'boiler:water': [], 'onion:chopped': [4, 5, 2], 'grinder': [], 'pan:frying': [], 'grinder:cheese': [], 'soup': [], 'cheese:grated': [4, 5, 2], 'cheese:cream': [], 'mozzarella': [], 'bag:mozzarella': [], 'container:cream:cheese': [], 'roll:paper': [], 'paper': []}","{'knife': [], 'trash': [], 'meat': [2, 6, 2], 'onion': [], 'stock': [], 'cheese': [], 'saucepan': [], 'oil': [], 'salt': [], 'tea': [], 'spice': [], 'fork': [], 'box:meat': [], 'box': [], 'bin:trash': [], 'bag:plastic': [], 'cloth': [], 'lid:saucepan': [], 'spoon': [], 'container:salt': [], 'meat:minced': [4, 6, 2], 'mug': [], 'container:spice': [], 'container:oil': [], 'container:pepper': [], 'plate': [], 'container:stock': [], 'box:stock:container': [], 'boiler:water': [], 'onion:chopped': [4, 6, 2], 'grinder': [], 'pan:frying': [], 'grinder:cheese': [], 'soup': [], 'cheese:grated': [4, 5, 2], 'cheese:cream': [], 'mozzarella': [], 'bag:mozzarella': [], 'container:cream:cheese': [], 'roll:paper': [], 'paper': []}"
P12_103,"['spoon', 'fork', 'trash', 'roll:paper', 'paper', 'jar:jam', 'jam', 'lid:jar', 'package:cracker', 'cracker', 'plate', 'piece:paper', 'cutlery', 'tomato', 'pan:frying', 'bowl:soup']","{'spoon': [], 'fork': [], 'trash': [], 'roll:paper': [], 'paper': [], 'jar:jam': [], 'jam': [], 'lid:jar': [], 'package:cracker': [], 'cracker': [], 'plate': [], 'piece:paper': [], 'cutlery': [], 'tomato': [], 'pan:frying': [], 'bowl:soup': []}","{'spoon': [], 'fork': [], 'trash': [], 'roll:paper': [], 'paper': [], 'jar:jam': [], 'jam': [], 'lid:jar': [], 'package:cracker': [], 'cracker': [], 'plate': [], 'piece:paper': [], 'cutlery': [], 'tomato': [], 'pan:frying': [], 'bowl:soup': []}"
P12_104,"['spoon', 'soup', 'fork', 'pan:frying', 'food', 'vegetable', 'tomato', 'spice', 'salt', 'spinach', 'stock', 'cracker', 'trash', 'board:cutting', 'roll:paper', 'paper', 'knife', 'grater', 'liquid:washing:up', 'brush:dish', 'cooker:water', 'bag:plastic', 'spoon:soup', 'cutlery', 'bowl', 'lid:saucepan', 'plate', 'paper:toilet', 'mug']","{'spoon': [], 'soup': [], 'fork': [], 'pan:frying': [], 'food': [], 'vegetable': [], 'tomato': [], 'spice': [], 'salt': [], 'spinach': [], 'stock': [], 'cracker': [], 'trash': [], 'board:cutting': [], 'roll:paper': [], 'paper': [], 'knife': [], 'grater': [], 'liquid:washing:up': [], 'brush:dish': [], 'cooker:water': [], 'bag:plastic': [], 'spoon:soup': [], 'cutlery': [], 'bowl': [], 'lid:saucepan': [], 'plate': [], 'paper:toilet': [], 'mug': []}","{'spoon': [], 'soup': [], 'fork': [], 'pan:frying': [], 'food': [], 'vegetable': [], 'tomato': [], 'spice': [], 'salt': [], 'spinach': [], 'stock': [], 'cracker': [], 'trash': [], 'board:cutting': [], 'roll:paper': [], 'paper': [], 'knife': [], 'grater': [], 'liquid:washing:up': [], 'brush:dish': [], 'cooker:water': [], 'bag:plastic': [], 'spoon:soup': [], 'cutlery': [], 'bowl': [], 'lid:saucepan': [], 'plate': [], 'paper:toilet': [], 'mug': []}"
P22_111,"['glass', 'cutlery', 'egg', 'tomato', 'jar', 'package', 'pan', 'lid', 'lighter', 'oil', 'can:tin', 'fork', 'spoon', 'bowl', 'shell:egg', 'cloth', 'salt', 'pepper', 'board:cutting', 'foil:aluminium', 'knife', 'caper', 'olive', 'clip', 'stone:olive', 'liquid:washing:up', 'spatula', 'sponge', 'mat:place', 'plate', 'bag', 'degreaser', 'paper', 'omelette']","{'glass': [], 'cutlery': [], 'egg': [], 'tomato': [], 'jar': [], 'package': [], 'pan': [], 'lid': [], 'lighter': [], 'oil': [], 'can:tin': [], 'fork': [], 'spoon': [], 'bowl': [], 'shell:egg': [], 'cloth': [], 'salt': [], 'pepper': [], 'board:cutting': [], 'foil:aluminium': [], 'knife': [], 'caper': [], 'olive': [], 'clip': [], 'stone:olive': [], 'liquid:washing:up': [], 'spatula': [], 'sponge': [], 'mat:place': [], 'plate': [], 'bag': [], 'degreaser': [], 'paper': [], 'omelette': []}","{'glass': [], 'cutlery': [], 'egg': [], 'tomato': [], 'jar': [], 'package': [], 'pan': [], 'lid': [], 'lighter': [], 'oil': [], 'can:tin': [], 'fork': [], 'spoon': [], 'bowl': [], 'shell:egg': [], 'cloth': [], 'salt': [], 'pepper': [], 'board:cutting': [], 'foil:aluminium': [], 'knife': [], 'caper': [], 'olive': [], 'clip': [], 'stone:olive': [], 'liquid:washing:up': [], 'spatula': [], 'sponge': [], 'mat:place': [], 'plate': [], 'bag': [], 'degreaser': [], 'paper': [], 'omelette': []}"
P22_112,"['spoon', 'courgette', 'lid', 'container', 'cutlery', 'board:cutting', 'bottle:water', 'glass', 'plate', 'mat:place', 'ladle', 'sponge', 'pan', 'cloth', 'wine', 'jar', 'salt', 'bowl']","{'spoon': [], 'courgette': [], 'lid': [], 'container': [], 'cutlery': [], 'board:cutting': [], 'bottle:water': [], 'glass': [], 'plate': [], 'mat:place': [], 'ladle': [], 'sponge': [], 'pan': [], 'cloth': [], 'wine': [], 'jar': [], 'salt': [], 'bowl': []}","{'spoon': [], 'courgette': [4, 2, 2], 'lid': [], 'container': [], 'cutlery': [], 'board:cutting': [], 'bottle:water': [], 'glass': [], 'plate': [], 'mat:place': [], 'ladle': [], 'sponge': [], 'pan': [], 'cloth': [], 'wine': [], 'jar': [], 'salt': [], 'bowl': []}"
P22_113,"['glass', 'cloth', 'plate', 'cutlery', 'lid', 'pot', 'rest:spoon', 'sponge', 'oil', 'bread', 'clip', 'egg', 'fork', 'spatula', 'salt', 'container', 'board:cutting', 'knife', 'cheese', 'pan', 'spoon', 'rice', 'bowl', 'coffee', 'holder:coffee', 'pod:coffee', 'cup', 'residue:food', 'teaspoon', 'mat:place', 'towel:tea']","{'glass': [], 'cloth': [], 'plate': [], 'cutlery': [], 'lid': [], 'pot': [], 'rest:spoon': [], 'sponge': [], 'oil': [], 'bread': [], 'clip': [], 'egg': [], 'fork': [], 'spatula': [], 'salt': [], 'container': [], 'board:cutting': [], 'knife': [], 'cheese': [], 'pan': [], 'spoon': [], 'rice': [], 'bowl': [], 'coffee': [], 'holder:coffee': [], 'pod:coffee': [], 'cup': [], 'residue:food': [], 'teaspoon': [], 'mat:place': [], 'towel:tea': []}","{'glass': [], 'cloth': [], 'plate': [], 'cutlery': [], 'lid': [], 'pot': [], 'rest:spoon': [], 'sponge': [], 'oil': [], 'bread': [], 'clip': [], 'egg': [], 'fork': [], 'spatula': [], 'salt': [], 'container': [], 'board:cutting': [], 'knife': [], 'cheese': [], 'pan': [], 'spoon': [], 'rice': [], 'bowl': [], 'coffee': [], 'holder:coffee': [], 'pod:coffee': [], 'cup': [], 'residue:food': [], 'teaspoon': [], 'mat:place': [], 'towel:tea': []}"
P22_117,"['pan', 'lid', 'plate', 'holder:coffee', 'filter', 'bowl', 'spatula', 'rest:spoon', 'ladle', 'cutlery', 'cloth', 'saucepan', 'container', 'bag', 'sponge', 'spoon', 'board:cutting', 'courgette', 'knife', 'peeler', 'skin:courgette', 'oil', 'onion', 'glass', 'jar', 'salt', 'paper', 'peel', 'scale', 'pepper', 'mat:place', 'fork', 'bottle']","{'pan': [], 'lid': [], 'plate': [], 'holder:coffee': [], 'filter': [], 'bowl': [], 'spatula': [], 'rest:spoon': [], 'ladle': [], 'cutlery': [], 'cloth': [], 'saucepan': [], 'container': [], 'bag': [], 'sponge': [], 'spoon': [], 'board:cutting': [], 'courgette': [], 'knife': [], 'peeler': [], 'skin:courgette': [], 'oil': [], 'onion': [], 'glass': [], 'jar': [], 'salt': [], 'paper': [], 'peel': [], 'scale': [], 'pepper': [], 'mat:place': [], 'fork': [], 'bottle': []}","{'pan': [], 'lid': [], 'plate': [], 'holder:coffee': [], 'filter': [], 'bowl': [], 'spatula': [], 'rest:spoon': [], 'ladle': [], 'cutlery': [], 'cloth': [], 'saucepan': [], 'container': [], 'bag': [], 'sponge': [], 'spoon': [], 'board:cutting': [], 'courgette': [], 'knife': [], 'peeler': [], 'skin:courgette': [], 'oil': [], 'onion': [], 'glass': [], 'jar': [], 'salt': [], 'paper': [], 'peel': [], 'scale': [], 'pepper': [], 'mat:place': [], 'fork': [], 'bottle': []}"
P23_101,"['pan', 'bowl', 'plate', 'packet', 'vegetable', 'finger:lady', 'knife', 'waste', 'pack', 'onion', 'bag', 'lighter', 'cover', 'chilli:green', 'oil', 'bottle', 'spoon', 'powder:turmeric', 'cap', 'jeera', 'seed:mustard', 'dal:chana', 'dal:urad', 'chilli:red', 'spice', 'brush', 'pack:tomato', 'salt']","{'pan': [], 'bowl': [], 'plate': [], 'packet': [], 'vegetable': [], 'finger:lady': [], 'knife': [], 'waste': [], 'pack': [], 'onion': [], 'bag': [], 'lighter': [], 'cover': [], 'chilli:green': [], 'oil': [], 'bottle': [], 'spoon': [], 'powder:turmeric': [], 'cap': [], 'jeera': [], 'seed:mustard': [], 'dal:chana': [2, 1, 2], 'dal:urad': [], 'chilli:red': [], 'spice': [], 'brush': [], 'pack:tomato': [], 'salt': []}","{'pan': [], 'bowl': [], 'plate': [], 'packet': [], 'vegetable': [], 'finger:lady': [], 'knife': [], 'waste': [], 'pack': [], 'onion': [], 'bag': [], 'lighter': [], 'cover': [], 'chilli:green': [], 'oil': [], 'bottle': [], 'spoon': [], 'powder:turmeric': [], 'cap': [], 'jeera': [], 'seed:mustard': [], 'dal:chana': [2, 2, 2], 'dal:urad': [], 'chilli:red': [], 'spice': [], 'brush': [], 'pack:tomato': [], 'salt': []}"
P23_102,"['glass', 'rice', 'water', 'bowl', 'bag', 'lentil', 'plate', 'pad', 'onion', 'mobile', 'knife', 'vegetable', 'lighter', 'chilli:green', 'waste', 'box', 'mango', 'spoon', 'cloth', 'garlic', 'bottle', 'salt', 'cap', 'packet', 'leaf:curry', 'chilli:red', 'powder:turmeric', 'pan', 'seed:cumin', 'seed:mustard', 'leaf', 'brush']","{'glass': [], 'rice': [], 'water': [], 'bowl': [], 'bag': [], 'lentil': [], 'plate': [], 'pad': [], 'onion': [], 'mobile': [], 'knife': [], 'vegetable': [], 'lighter': [], 'chilli:green': [], 'waste': [], 'box': [], 'mango': [], 'spoon': [], 'cloth': [], 'garlic': [], 'bottle': [], 'salt': [2, 2, 2], 'cap': [], 'packet': [], 'leaf:curry': [], 'chilli:red': [], 'powder:turmeric': [], 'pan': [2, 2, 2], 'seed:cumin': [], 'seed:mustard': [2, 2, 2], 'leaf': [2, 3, 2], 'brush': []}","{'glass': [], 'rice': [2, 1, 2], 'water': [], 'bowl': [], 'bag': [], 'lentil': [], 'plate': [], 'pad': [], 'onion': [], 'mobile': [], 'knife': [], 'vegetable': [], 'lighter': [], 'chilli:green': [], 'waste': [], 'box': [], 'mango': [], 'spoon': [], 'cloth': [], 'garlic': [], 'bottle': [], 'salt': [2, 1, 2], 'cap': [], 'packet': [], 'leaf:curry': [], 'chilli:red': [], 'powder:turmeric': [], 'pan': [2, 2, 2], 'seed:cumin': [], 'seed:mustard': [2, 2, 2], 'leaf': [2, 2, 2], 'brush': []}"
P25_101,"['lighter', 'oil', 'lid', 'plate', 'fork', 'meat', 'liquid:washing:up', 'paper', 'pan']","{'lighter': [], 'oil': [], 'lid': [], 'plate': [], 'fork': [], 'meat': [2, 1, 2], 'liquid:washing:up': [], 'paper': [], 'pan': []}","{'lighter': [], 'oil': [], 'lid': [], 'plate': [], 'fork': [], 'meat': [2, 1, 2], 'liquid:washing:up': [], 'paper': [], 'pan': []}"
P25_102,"['pan', 'lighter', 'meat', 'fork', 'knife', 'paper', 'jar', 'teaspoon', 'salt', 'plate', 'lid', 'liquid:washing:up', 'sponge', 'soap']","{'pan': [], 'lighter': [], 'meat': [], 'fork': [], 'knife': [], 'paper': [], 'jar': [], 'teaspoon': [], 'salt': [], 'plate': [], 'lid': [], 'liquid:washing:up': [], 'sponge': [], 'soap': []}","{'pan': [], 'lighter': [], 'meat': [1, 2, 1], 'fork': [], 'knife': [], 'paper': [], 'jar': [], 'teaspoon': [], 'salt': [], 'plate': [], 'lid': [], 'liquid:washing:up': [], 'sponge': [], 'soap': []}"
P25_103,"['pot', 'lid', 'paper', 'plate', 'fork', 'meat', 'spoon', 'jar', 'bottle', 'pan']","{'pot': [], 'lid': [], 'paper': [], 'plate': [], 'fork': [], 'meat': [2, 2, 2], 'spoon': [], 'jar': [], 'bottle': [], 'pan': []}","{'pot': [], 'lid': [], 'paper': [], 'plate': [], 'fork': [], 'meat': [2, 1, 2], 'spoon': [], 'jar': [], 'bottle': [], 'pan': []}"
P25_104,"['lighter', 'oil', 'lid', 'paper', 'spoon', 'knife', 'liquid:washing:up', 'sponge', 'teaspoon', 'fork', 'soap', 'pasta', 'sauce', 'bottle', 'salt', 'parmesan', 'tissue', 'colander', 'container']","{'lighter': [], 'oil': [], 'lid': [], 'paper': [], 'spoon': [], 'knife': [], 'liquid:washing:up': [], 'sponge': [], 'teaspoon': [], 'fork': [], 'soap': [], 'pasta': [], 'sauce': [2, 1, 2], 'bottle': [], 'salt': [], 'parmesan': [], 'tissue': [], 'colander': [], 'container': []}","{'lighter': [], 'oil': [], 'lid': [], 'paper': [], 'spoon': [], 'knife': [], 'liquid:washing:up': [], 'sponge': [], 'teaspoon': [], 'fork': [], 'soap': [], 'pasta': [2, 0, 2], 'sauce': [2, 1, 2], 'bottle': [], 'salt': [], 'parmesan': [], 'tissue': [], 'colander': [], 'container': []}"
P25_106,"['pot', 'pan', 'lid', 'lighter', 'onion', 'knife', 'paper', 'oil', 'spoon', 'cheese', 'egg', 'plate', 'container', 'fork', 'jar', 'bacon', 'parmesan', 'pasta', 'liquid:washing:up', 'teaspoon', 'salt', 'colander', 'package', 'phone']","{'pot': [], 'pan': [], 'lid': [], 'lighter': [], 'onion': [], 'knife': [], 'paper': [], 'oil': [], 'spoon': [], 'cheese': [], 'egg': [], 'plate': [], 'container': [], 'fork': [], 'jar': [], 'bacon': [], 'parmesan': [], 'pasta': [], 'liquid:washing:up': [], 'teaspoon': [], 'salt': [], 'colander': [], 'package': [], 'phone': []}","{'pot': [], 'pan': [], 'lid': [], 'lighter': [], 'onion': [], 'knife': [], 'paper': [], 'oil': [], 'spoon': [], 'cheese': [], 'egg': [], 'plate': [], 'container': [], 'fork': [], 'jar': [], 'bacon': [], 'parmesan': [], 'pasta': [], 'liquid:washing:up': [], 'teaspoon': [], 'salt': [], 'colander': [], 'package': [], 'phone': []}"
P25_107,"['knife', 'plate', 'aubergine', 'paper', 'pan', 'lighter', 'courgette', 'jar', 'fork', 'salt', 'peel', 'soap', 'sponge']","{'knife': [], 'plate': [], 'aubergine': [], 'paper': [], 'pan': [], 'lighter': [], 'courgette': [], 'jar': [], 'fork': [], 'salt': [], 'peel': [], 'soap': [], 'sponge': []}","{'knife': [], 'plate': [], 'aubergine': [], 'paper': [], 'pan': [], 'lighter': [], 'courgette': [], 'jar': [], 'fork': [], 'salt': [], 'peel': [], 'soap': [], 'sponge': []}"
P26_101,"['cloth', 'rack:oven', 'plate', 'fork', 'tray:baking']","{'cloth': [], 'rack:oven': [], 'plate': [], 'fork': [], 'tray:baking': []}","{'cloth': [], 'rack:oven': [], 'plate': [], 'fork': [], 'tray:baking': []}"
P26_104,"['tray:baking', 'knife', 'phone', 'pizza', 'paper', 'mozzarella', 'dog:hot', 'bag', 'package:hot:dog', 'oil', 'cloth', 'rack:oven', 'tray', 'towel', 'plate', 'fork', 'napkin', 'bottle:water', 'bag:mozzarella']","{'tray:baking': [], 'knife': [], 'phone': [], 'pizza': [], 'paper': [], 'mozzarella': [4, 3, 2], 'dog:hot': [], 'bag': [], 'package:hot:dog': [], 'oil': [], 'cloth': [], 'rack:oven': [4, 1, 2], 'tray': [], 'towel': [], 'plate': [], 'fork': [], 'napkin': [], 'bottle:water': [], 'bag:mozzarella': []}","{'tray:baking': [], 'knife': [], 'phone': [], 'pizza': [], 'paper': [], 'mozzarella': [4, 3, 2], 'dog:hot': [], 'bag': [], 'package:hot:dog': [], 'oil': [], 'cloth': [], 'rack:oven': [4, 1, 1], 'tray': [], 'towel': [], 'plate': [], 'fork': [], 'napkin': [], 'bottle:water': [], 'bag:mozzarella': []}"
P26_105,"['pot', 'lighter', 'lid', 'spoon', 'plate', 'tray:baking', 'food:frozen', 'jar', 'pancake:crispy', 'package:fish:finger', 'finger:fish', 'tray', 'cloth:table', 'towel', 'knife', 'fork']","{'pot': [], 'lighter': [], 'lid': [], 'spoon': [], 'plate': [], 'tray:baking': [3, 3, 1], 'food:frozen': [4, 3, 3], 'jar': [], 'pancake:crispy': [2, 3, 2], 'package:fish:finger': [], 'finger:fish': [2, 3, 2], 'tray': [], 'cloth:table': [], 'towel': [], 'knife': [], 'fork': []}","{'pot': [], 'lighter': [], 'lid': [], 'spoon': [], 'plate': [], 'tray:baking': [3, 3, 1], 'food:frozen': [4, 3, 3], 'jar': [], 'pancake:crispy': [2, 3, 2], 'package:fish:finger': [], 'finger:fish': [2, 3, 2], 'tray': [], 'cloth:table': [], 'towel': [], 'knife': [], 'fork': []}"
P26_106,"['plate', 'salt', 'spoon', 'lid', 'cheese']","{'plate': [], 'salt': [], 'spoon': [], 'lid': [], 'cheese': []}","{'plate': [], 'salt': [], 'spoon': [], 'lid': [], 'cheese': []}"
P26_107,"['pot', 'cloth', 'tray:baking', 'spatula', 'fork', 'spoon', 'pasta', 'lid']","{'pot': [], 'cloth': [], 'tray:baking': [4, 1, 2], 'spatula': [], 'fork': [], 'spoon': [], 'pasta': [], 'lid': []}","{'pot': [], 'cloth': [], 'tray:baking': [4, 1, 2], 'spatula': [], 'fork': [], 'spoon': [], 'pasta': [], 'lid': []}"
P26_108,"['package:pasta', 'spoon', 'lid', 'plate', 'scale']","{'package:pasta': [], 'spoon': [], 'lid': [], 'plate': [], 'scale': []}","{'package:pasta': [], 'spoon': [], 'lid': [], 'plate': [], 'scale': []}"
P26_110,"['spoon', 'pasta', 'pot', 'colander', 'cloth', 'ladle', 'tray:baking', 'fork', 'spatula', 'plate']","{'spoon': [], 'pasta': [], 'pot': [], 'colander': [], 'cloth': [], 'ladle': [], 'tray:baking': [4, 1, 2], 'fork': [], 'spatula': [], 'plate': []}","{'spoon': [], 'pasta': [], 'pot': [3, 3, 2], 'colander': [], 'cloth': [], 'ladle': [], 'tray:baking': [4, 1, 2], 'fork': [], 'spatula': [], 'plate': []}"
P26_113,"['cloth', 'rack:oven', 'spatula', 'tray:baking', 'napkin']","{'cloth': [], 'rack:oven': [], 'spatula': [], 'tray:baking': [], 'napkin': []}","{'cloth': [], 'rack:oven': [4, 1, 2], 'spatula': [], 'tray:baking': [4, 2, 2], 'napkin': []}"
P26_114,"['cloth', 'tray:baking', 'spatula']","{'cloth': [], 'tray:baking': [4, 1, 2], 'spatula': []}","{'cloth': [], 'tray:baking': [4, 1, 1], 'spatula': []}"
P26_115,"['tray:baking', 'package:potato', 'oil', 'lid', 'spatula', 'tray', 'towel', 'plate', 'knife', 'fork', 'bread', 'chicken']","{'tray:baking': [3, 3, 1], 'package:potato': [], 'oil': [], 'lid': [], 'spatula': [], 'tray': [], 'towel': [], 'plate': [], 'knife': [], 'fork': [], 'bread': [], 'chicken': []}","{'tray:baking': [3, 3, 1], 'package:potato': [], 'oil': [], 'lid': [], 'spatula': [], 'tray': [], 'towel': [], 'plate': [], 'knife': [], 'fork': [], 'bread': [], 'chicken': []}"
P26_117,"['cloth', 'tray:baking', 'spatula', 'pan', 'knife', 'lighter', 'salt', 'lemon', 'potato', 'chicken', 'plate', 'fork']","{'cloth': [], 'tray:baking': [], 'spatula': [], 'pan': [], 'knife': [], 'lighter': [], 'salt': [], 'lemon': [], 'potato': [], 'chicken': [4, 1, 2], 'plate': [], 'fork': []}","{'cloth': [], 'tray:baking': [], 'spatula': [], 'pan': [], 'knife': [], 'lighter': [], 'salt': [], 'lemon': [], 'potato': [], 'chicken': [3, 3, 2], 'plate': [], 'fork': []}"
P26_119,"['tray:baking', 'package:crispy:pancake', 'pancake:crispy', 'package:fish:finger', 'oil', 'lid', 'liquid:washing:up', 'cloth', 'tomato', 'onion', 'knife', 'board:cutting', 'skin:onion', 'bag']","{'tray:baking': [], 'package:crispy:pancake': [], 'pancake:crispy': [], 'package:fish:finger': [4, 3, 3], 'oil': [], 'lid': [], 'liquid:washing:up': [], 'cloth': [], 'tomato': [], 'onion': [], 'knife': [], 'board:cutting': [3, 3, 2], 'skin:onion': [], 'bag': []}","{'tray:baking': [], 'package:crispy:pancake': [], 'pancake:crispy': [], 'package:fish:finger': [4, 3, 3], 'oil': [], 'lid': [], 'liquid:washing:up': [], 'cloth': [], 'tomato': [], 'onion': [], 'knife': [], 'board:cutting': [3, 3, 2], 'skin:onion': [], 'bag': []}"
P27_103,"['holder:pot', 'tray:baking', 'grid', 'egg', 'pot:moka', 'container', 'mixer', 'jar:sugar', 'bin', 'whisk', 'book:recipe', 'yogurt', 'butter', 'scale', 'knife', 'beaker', 'mug', 'glass', 'pan', 'pot', 'lighter', 'paper', 'sugar', 'package', 'saucepan', 'flour', 'plate:scale', 'plate', 'bottle', 'bag', 'lid', 'sachet', 'mould:ring:cake', 'spoon', 'soap', 'sponge', 'cloth', 'fork', 'cutlery', 'towel', 'toothpick']","{'holder:pot': [], 'tray:baking': [], 'grid': [], 'egg': [], 'pot:moka': [], 'container': [], 'mixer': [], 'jar:sugar': [], 'bin': [], 'whisk': [], 'book:recipe': [], 'yogurt': [], 'butter': [], 'scale': [], 'knife': [], 'beaker': [], 'mug': [], 'glass': [], 'pan': [], 'pot': [], 'lighter': [], 'paper': [], 'sugar': [], 'package': [], 'saucepan': [], 'flour': [], 'plate:scale': [], 'plate': [], 'bottle': [], 'bag': [], 'lid': [], 'sachet': [], 'mould:ring:cake': [], 'spoon': [], 'soap': [], 'sponge': [], 'cloth': [], 'fork': [], 'cutlery': [], 'towel': [], 'toothpick': []}","{'holder:pot': [], 'tray:baking': [], 'grid': [], 'egg': [], 'pot:moka': [], 'container': [], 'mixer': [], 'jar:sugar': [], 'bin': [], 'whisk': [], 'book:recipe': [], 'yogurt': [], 'butter': [], 'scale': [], 'knife': [], 'beaker': [], 'mug': [], 'glass': [], 'pan': [], 'pot': [], 'lighter': [], 'paper': [], 'sugar': [], 'package': [], 'saucepan': [], 'flour': [], 'plate:scale': [], 'plate': [], 'bottle': [], 'bag': [], 'lid': [], 'sachet': [], 'mould:ring:cake': [], 'spoon': [], 'soap': [], 'sponge': [], 'cloth': [], 'fork': [], 'cutlery': [], 'towel': [], 'toothpick': []}"
P28_101,"['bread', 'slice:bread', 'plate', 'board:chopping', 'tomato', 'mozzarella', 'garlic', 'clove:garlic', 'knife', 'trash', 'salt', 'oil', 'scissors', 'package:plastic', 'sponge']","{'bread': [], 'slice:bread': [], 'plate': [], 'board:chopping': [], 'tomato': [], 'mozzarella': [], 'garlic': [], 'clove:garlic': [], 'knife': [], 'trash': [], 'salt': [], 'oil': [], 'scissors': [], 'package:plastic': [], 'sponge': []}","{'bread': [], 'slice:bread': [], 'plate': [], 'board:chopping': [], 'tomato': [], 'mozzarella': [], 'garlic': [], 'clove:garlic': [], 'knife': [], 'trash': [], 'salt': [], 'oil': [], 'scissors': [], 'package:plastic': [], 'sponge': []}"
P28_103,"['sponge', 'board:chopping', 'garlic', 'onion', 'pot', 'carrot', 'tupperware', 'potato', 'peeler', 'rubbish', 'knife', 'plate', 'oil', 'pepper', 'paprika', 'salt', 'tin:chopped:tomato', 'container', 'bean:green', 'spatula', 'vegetable', 'cup', 'kettle', 'glove:oven', 'lid:pot']","{'sponge': [], 'board:chopping': [], 'garlic': [], 'onion': [], 'pot': [], 'carrot': [], 'tupperware': [], 'potato': [], 'peeler': [], 'rubbish': [], 'knife': [], 'plate': [], 'oil': [], 'pepper': [], 'paprika': [], 'salt': [], 'tin:chopped:tomato': [], 'container': [], 'bean:green': [], 'spatula': [], 'vegetable': [], 'cup': [], 'kettle': [], 'glove:oven': [], 'lid:pot': []}","{'sponge': [], 'board:chopping': [], 'garlic': [], 'onion': [], 'pot': [], 'carrot': [], 'tupperware': [], 'potato': [], 'peeler': [], 'rubbish': [], 'knife': [], 'plate': [], 'oil': [], 'pepper': [], 'paprika': [], 'salt': [], 'tin:chopped:tomato': [], 'container': [], 'bean:green': [], 'spatula': [], 'vegetable': [], 'cup': [], 'kettle': [], 'glove:oven': [], 'lid:pot': []}"
P28_104,"['tupperware', 'lid', 'board:chopping', 'sponge', 'plate', 'package:bread', 'bread', 'fork', 'cheese:feta', 'knife', 'bean:green', 'potato', 'spoon', 'liquid', 'glove:oven', 'spatula', 'container', 'cup', 'ladle', 'oil']","{'tupperware': [], 'lid': [], 'board:chopping': [], 'sponge': [], 'plate': [], 'package:bread': [], 'bread': [], 'fork': [], 'cheese:feta': [], 'knife': [], 'bean:green': [], 'potato': [], 'spoon': [], 'liquid': [], 'glove:oven': [], 'spatula': [], 'container': [], 'cup': [], 'ladle': [], 'oil': []}","{'tupperware': [], 'lid': [], 'board:chopping': [], 'sponge': [], 'plate': [], 'package:bread': [], 'bread': [], 'fork': [], 'cheese:feta': [], 'knife': [], 'bean:green': [], 'potato': [], 'spoon': [], 'liquid': [], 'glove:oven': [], 'spatula': [], 'container': [], 'cup': [], 'ladle': [], 'oil': []}"
P28_106,"['pan', 'kettle', 'butter', 'tortellini', 'parmesan', 'sponge', 'grater', 'colander', 'knife', 'dish', 'fork']","{'pan': [], 'kettle': [], 'butter': [], 'tortellini': [], 'parmesan': [], 'sponge': [], 'grater': [], 'colander': [], 'knife': [], 'dish': [], 'fork': []}","{'pan': [], 'kettle': [], 'butter': [], 'tortellini': [], 'parmesan': [], 'sponge': [], 'grater': [], 'colander': [], 'knife': [], 'dish': [], 'fork': []}"
P28_108,"['fork', 'glove:oven', 'pot', 'knife', 'tortellini', 'package', 'grater', 'plate', 'sponge']","{'fork': [], 'glove:oven': [], 'pot': [], 'knife': [], 'tortellini': [4, 1, 2], 'package': [], 'grater': [], 'plate': [], 'sponge': []}","{'fork': [], 'glove:oven': [], 'pot': [], 'knife': [], 'tortellini': [1, 1, 2], 'package': [], 'grater': [], 'plate': [], 'sponge': []}"
P28_109,"['saucepan', 'oat', 'drink:almond', 'banana', 'powder', 'blueberry', 'spoon', 'cup']","{'saucepan': [], 'oat': [], 'drink:almond': [], 'banana': [], 'powder': [], 'blueberry': [], 'spoon': [], 'cup': []}","{'saucepan': [], 'oat': [], 'drink:almond': [], 'banana': [], 'powder': [], 'blueberry': [], 'spoon': [], 'cup': []}"
P28_111,"['pot', 'spoon', 'bowl', 'fork', 'plate', 'cup', 'grater', 'knife', 'colander', 'phone:mobile', 'sponge', 'liquid:dishwashing', 'chopstick', 'utensil', 'saucepan', 'banana', 'skin:banana', 'package:blueberry', 'drink:almond', 'cap']","{'pot': [], 'spoon': [], 'bowl': [], 'fork': [], 'plate': [], 'cup': [], 'grater': [], 'knife': [], 'colander': [], 'phone:mobile': [], 'sponge': [], 'liquid:dishwashing': [], 'chopstick': [], 'utensil': [], 'saucepan': [], 'banana': [], 'skin:banana': [], 'package:blueberry': [], 'drink:almond': [], 'cap': []}","{'pot': [], 'spoon': [], 'bowl': [], 'fork': [], 'plate': [], 'cup': [], 'grater': [], 'knife': [], 'colander': [], 'phone:mobile': [], 'sponge': [], 'liquid:dishwashing': [], 'chopstick': [], 'utensil': [], 'saucepan': [], 'banana': [], 'skin:banana': [], 'package:blueberry': [], 'drink:almond': [], 'cap': []}"
P30_107,"['rester:teabag', 'strainer:tea', 'strainer:tea:pot', 'pot:tea', 'rest:teabag', 'mug', 'teapot', 'liquid:washing:up', 'spinner:salad', 'sponge', 'glass', 'plate', 'part:salad:spinner', 'tub', 'towel', 'holder:teabag', 'top:salad:spinner', 'stack:tub', 'towel:tea', 'board:chopping', 'knife', 'choi:pak', 'mushroom', 'onion:spring', 'pepper', 'meat', 'corn:sweet', 'packaging', 'colander', 'vegetable', 'bowl', 'maker:coffee', 'broccoli:tenderstem', 'salad', 'chicken', 'corn', 'piece:mushroom', 'pak', 'stalk', 'bowl:corn', 'piece:corn', 'piece:broccoli', 'bowl:mushroom', 'saucepan', 'roll:kitchen', 'piece:vegetable', 'fat', 'meat:nasty', 'oil:olive', 'oil:sesame', 'clove:garlic', 'bottle', 'soap', 'fork', 'v60', 'jug', 'spoon', 'toaster', 'bottle:oil', 'leaf:pak:choi', 'pan', 'lid', 'rubbish', 'piece:meat', 'floor', 'tupperware', 'plant:basil', 'strainer:sink', 'toothbrush', 'item:fridge', 'egg', 'bottle:soy:sauce', 'cellar:salt', 'lid:saucepan', 'jug:water']","{'rester:teabag': [], 'strainer:tea': [], 'strainer:tea:pot': [], 'pot:tea': [], 'rest:teabag': [], 'mug': [], 'teapot': [], 'liquid:washing:up': [], 'spinner:salad': [], 'sponge': [], 'glass': [], 'plate': [], 'part:salad:spinner': [], 'tub': [], 'towel': [], 'holder:teabag': [], 'top:salad:spinner': [], 'stack:tub': [], 'towel:tea': [], 'board:chopping': [], 'knife': [], 'choi:pak': [], 'mushroom': [], 'onion:spring': [], 'pepper': [], 'meat': [], 'corn:sweet': [], 'packaging': [], 'colander': [], 'vegetable': [], 'bowl': [], 'maker:coffee': [], 'broccoli:tenderstem': [], 'salad': [], 'chicken': [], 'corn': [], 'piece:mushroom': [], 'pak': [], 'stalk': [1, 1, 2], 'bowl:corn': [], 'piece:corn': [], 'piece:broccoli': [], 'bowl:mushroom': [], 'saucepan': [], 'roll:kitchen': [], 'piece:vegetable': [], 'fat': [], 'meat:nasty': [], 'oil:olive': [], 'oil:sesame': [], 'clove:garlic': [], 'bottle': [], 'soap': [], 'fork': [], 'v60': [], 'jug': [], 'spoon': [], 'toaster': [], 'bottle:oil': [], 'leaf:pak:choi': [], 'pan': [], 'lid': [], 'rubbish': [], 'piece:meat': [], 'floor': [], 'tupperware': [], 'plant:basil': [], 'strainer:sink': [], 'toothbrush': [], 'item:fridge': [], 'egg': [], 'bottle:soy:sauce': [], 'cellar:salt': [], 'lid:saucepan': [], 'jug:water': []}","{'rester:teabag': [], 'strainer:tea': [], 'strainer:tea:pot': [], 'pot:tea': [], 'rest:teabag': [], 'mug': [], 'teapot': [], 'liquid:washing:up': [], 'spinner:salad': [], 'sponge': [], 'glass': [], 'plate': [], 'part:salad:spinner': [], 'tub': [], 'towel': [], 'holder:teabag': [], 'top:salad:spinner': [], 'stack:tub': [], 'towel:tea': [], 'board:chopping': [], 'knife': [], 'choi:pak': [], 'mushroom': [], 'onion:spring': [], 'pepper': [], 'meat': [], 'corn:sweet': [], 'packaging': [], 'colander': [], 'vegetable': [], 'bowl': [], 'maker:coffee': [], 'broccoli:tenderstem': [], 'salad': [], 'chicken': [], 'corn': [], 'piece:mushroom': [], 'pak': [], 'stalk': [1, 1, 2], 'bowl:corn': [], 'piece:corn': [], 'piece:broccoli': [], 'bowl:mushroom': [], 'saucepan': [], 'roll:kitchen': [], 'piece:vegetable': [], 'fat': [], 'meat:nasty': [], 'oil:olive': [], 'oil:sesame': [], 'clove:garlic': [], 'bottle': [], 'soap': [], 'fork': [], 'v60': [], 'jug': [], 'spoon': [], 'toaster': [], 'bottle:oil': [], 'leaf:pak:choi': [], 'pan': [], 'lid': [], 'rubbish': [], 'piece:meat': [], 'floor': [], 'tupperware': [], 'plant:basil': [], 'strainer:sink': [], 'toothbrush': [], 'item:fridge': [], 'egg': [], 'bottle:soy:sauce': [], 'cellar:salt': [], 'lid:saucepan': [], 'jug:water': []}"
P30_111,"['teapot', 'strainer:teapot', 'rest:teabag', 'water:tonic', 'cheese', 'radish', 'hummus', 'butter', 'base:pizza', 'passata', 'plate', 'mug', 'glass', 'bowl:washing:up', 'lid:hummus:tub', 'saucepan', 'sponge', 'oil:olive', 'garlic', 'spoon', 'jug', 'onion', 'knife', 'piece:garlic', 'board:chopping', 'jug:water', 'bottle:passata', 'lid', 'packaging:iron', 'cellar:pepper', 'cellar:salt', 'jar:herb', 'piece:onion:skin', 'pan:grill', 'packet:cheese', 'scissors', 'packaging', 'bottle:tonic:water', 'packet:salami', 'box:scotch:egg', 'egg:scotch', 'lid:scotch:egg:box', 'bowl:salad', 'piece:scotch:egg', 'liquid:washing:up', 'v60', 'container', 'lid:container', 'pepper', 'top:pepper', 'piece:pepper', 'pan', 'bag:cheese', 'salami', 'packaging:salami', 'piece:salami', 'piece:onion', 'flake:chilli', 'tray:pizza', 'gin', 'tray:ice:cube', 'cube:ice', 'bottle:gin', 'drink', 'plastic', 'dustpan']","{'teapot': [], 'strainer:teapot': [], 'rest:teabag': [], 'water:tonic': [], 'cheese': [], 'radish': [], 'hummus': [], 'butter': [], 'base:pizza': [], 'passata': [], 'plate': [], 'mug': [], 'glass': [], 'bowl:washing:up': [], 'lid:hummus:tub': [], 'saucepan': [], 'sponge': [], 'oil:olive': [], 'garlic': [], 'spoon': [], 'jug': [], 'onion': [], 'knife': [], 'piece:garlic': [], 'board:chopping': [], 'jug:water': [], 'bottle:passata': [], 'lid': [], 'packaging:iron': [], 'cellar:pepper': [], 'cellar:salt': [], 'jar:herb': [], 'piece:onion:skin': [], 'pan:grill': [5, 1, 1], 'packet:cheese': [], 'scissors': [], 'packaging': [], 'bottle:tonic:water': [], 'packet:salami': [], 'box:scotch:egg': [], 'egg:scotch': [], 'lid:scotch:egg:box': [], 'bowl:salad': [], 'piece:scotch:egg': [], 'liquid:washing:up': [], 'v60': [], 'container': [], 'lid:container': [], 'pepper': [], 'top:pepper': [], 'piece:pepper': [], 'pan': [4, 1, 2], 'bag:cheese': [], 'salami': [], 'packaging:salami': [], 'piece:salami': [], 'piece:onion': [4, 1, 2], 'flake:chilli': [], 'tray:pizza': [], 'gin': [], 'tray:ice:cube': [], 'cube:ice': [], 'bottle:gin': [], 'drink': [], 'plastic': [], 'dustpan': []}","{'teapot': [], 'strainer:teapot': [], 'rest:teabag': [], 'water:tonic': [], 'cheese': [], 'radish': [], 'hummus': [], 'butter': [], 'base:pizza': [], 'passata': [], 'plate': [], 'mug': [], 'glass': [], 'bowl:washing:up': [], 'lid:hummus:tub': [], 'saucepan': [], 'sponge': [], 'oil:olive': [], 'garlic': [], 'spoon': [], 'jug': [], 'onion': [], 'knife': [], 'piece:garlic': [], 'board:chopping': [], 'jug:water': [], 'bottle:passata': [], 'lid': [], 'packaging:iron': [], 'cellar:pepper': [], 'cellar:salt': [], 'jar:herb': [], 'piece:onion:skin': [], 'pan:grill': [5, 1, 1], 'packet:cheese': [], 'scissors': [], 'packaging': [], 'bottle:tonic:water': [], 'packet:salami': [], 'box:scotch:egg': [], 'egg:scotch': [], 'lid:scotch:egg:box': [], 'bowl:salad': [], 'piece:scotch:egg': [], 'liquid:washing:up': [], 'v60': [], 'container': [], 'lid:container': [], 'pepper': [], 'top:pepper': [], 'piece:pepper': [], 'pan': [4, 1, 2], 'bag:cheese': [], 'salami': [], 'packaging:salami': [], 'piece:salami': [4, 1, 2], 'piece:onion': [1, 1, 2], 'flake:chilli': [], 'tray:pizza': [], 'gin': [], 'tray:ice:cube': [], 'cube:ice': [], 'bottle:gin': [], 'drink': [], 'plastic': [], 'dustpan': []}"
P30_112,"['mitt:oven', 'board:chopping', 'knife', 'cellar:pepper', 'plate', 'piece:pizza', 'topping']","{'mitt:oven': [], 'board:chopping': [], 'knife': [], 'cellar:pepper': [], 'plate': [], 'piece:pizza': [1, 1, 2], 'topping': []}","{'mitt:oven': [], 'board:chopping': [], 'knife': [], 'cellar:pepper': [], 'plate': [], 'piece:pizza': [1, 1, 2], 'topping': []}"
P35_101,"['pot', 'pasta', 'scissors', 'scale', 'plate', 'rubbish', 'bag', 'saucepan', 'glass', 'towel']","{'pot': [], 'pasta': [], 'scissors': [], 'scale': [], 'plate': [], 'rubbish': [], 'bag': [], 'saucepan': [], 'glass': [], 'towel': []}","{'pot': [], 'pasta': [0, 1, 1], 'scissors': [], 'scale': [], 'plate': [], 'rubbish': [], 'bag': [], 'saucepan': [], 'glass': [], 'towel': []}"
P35_103,"['mixer', 'pot', 'spoon', 'salt', 'cloth', 'container', 'pasta', 'lid', 'cheese', 'grater', 'cream', 'jar', 'rest:pot', 'sponge', 'soap', 'colander', 'saucepan', 'pan', 'hoover:hand:held', 'bag', 'rack:drying']","{'mixer': [], 'pot': [], 'spoon': [], 'salt': [], 'cloth': [], 'container': [], 'pasta': [3, 4, 2], 'lid': [], 'cheese': [], 'grater': [], 'cream': [], 'jar': [], 'rest:pot': [], 'sponge': [], 'soap': [], 'colander': [], 'saucepan': [], 'pan': [], 'hoover:hand:held': [], 'bag': [], 'rack:drying': []}","{'mixer': [], 'pot': [], 'spoon': [], 'salt': [], 'cloth': [], 'container': [], 'pasta': [2, 5, 2], 'lid': [], 'cheese': [], 'grater': [], 'cream': [], 'jar': [], 'rest:pot': [], 'sponge': [], 'soap': [], 'colander': [], 'saucepan': [], 'pan': [], 'hoover:hand:held': [], 'bag': [], 'rack:drying': []}"
P35_104,"['food', 'sponge', 'plate', 'container', 'glass', 'cloth', 'pan', 'pot', 'scale', 'pasta', 'bag', 'soap', 'spoon', 'salt', 'lid', 'roll:kitchen', 'mug', 'board:cutting', 'colander', 'rest:pot', 'jar', 'pesto', 'package', 'scissors', 'meat', 'film:cling', 'rack:drying', 'paper', 'tissue', 'napkin', 'hoover:hand:held']","{'food': [], 'sponge': [], 'plate': [], 'container': [], 'glass': [], 'cloth': [], 'pan': [], 'pot': [3, 4, 1], 'scale': [], 'pasta': [], 'bag': [], 'soap': [], 'spoon': [], 'salt': [], 'lid': [], 'roll:kitchen': [], 'mug': [], 'board:cutting': [], 'colander': [], 'rest:pot': [], 'jar': [], 'pesto': [], 'package': [], 'scissors': [], 'meat': [1, 5, 2], 'film:cling': [], 'rack:drying': [], 'paper': [], 'tissue': [], 'napkin': [], 'hoover:hand:held': []}","{'food': [], 'sponge': [], 'plate': [], 'container': [], 'glass': [], 'cloth': [], 'pan': [], 'pot': [3, 4, 2], 'scale': [], 'pasta': [], 'bag': [], 'soap': [], 'spoon': [], 'salt': [], 'lid': [], 'roll:kitchen': [], 'mug': [], 'board:cutting': [], 'colander': [], 'rest:pot': [], 'jar': [], 'pesto': [2, 5, 2], 'package': [], 'scissors': [], 'meat': [1, 5, 1], 'film:cling': [], 'rack:drying': [], 'paper': [], 'tissue': [], 'napkin': [], 'hoover:hand:held': []}"
P35_105,"['saucepan', 'cloth', 'container', 'mushroom', 'clip', 'food', 'meat', 'lid', 'fork', 'salt', 'spice', 'plate', 'flour', 'knife', 'hoover:hand:held', 'colander', 'mug', 'sieve', 'glass', 'bottle', 'pan', 'spoon', 'pot', 'cream', 'oil', 'rest:pot', 'rubbish', 'scissors', 'bag']","{'saucepan': [], 'cloth': [], 'container': [], 'mushroom': [], 'clip': [], 'food': [], 'meat': [], 'lid': [], 'fork': [], 'salt': [], 'spice': [], 'plate': [], 'flour': [], 'knife': [], 'hoover:hand:held': [], 'colander': [], 'mug': [], 'sieve': [], 'glass': [], 'bottle': [], 'pan': [], 'spoon': [], 'pot': [], 'cream': [], 'oil': [], 'rest:pot': [], 'rubbish': [], 'scissors': [], 'bag': []}","{'saucepan': [], 'cloth': [], 'container': [], 'mushroom': [], 'clip': [], 'food': [], 'meat': [], 'lid': [], 'fork': [], 'salt': [], 'spice': [], 'plate': [], 'flour': [], 'knife': [], 'hoover:hand:held': [], 'colander': [], 'mug': [], 'sieve': [], 'glass': [], 'bottle': [], 'pan': [3, 4, 2], 'spoon': [], 'pot': [], 'cream': [], 'oil': [], 'rest:pot': [], 'rubbish': [], 'scissors': [], 'bag': []}"
P37_101,"['box:plastic', 'stool', 'pot:cooking', 'pot', 'tray:plastic', 'knife', 'bowl', 'thigh:chicken', 'water', 'bottle:soy:sauce', 'bottle:oil', 'bottle', 'garlic', 'bottle:cooking:wine', 'board:chopping', 'cucumber', 'bag:packing', 'skin:garlic', 'spatula', 'pan', 'coriander', 'cucumber:sliced', 'onion']","{'box:plastic': [], 'stool': [], 'pot:cooking': [], 'pot': [], 'tray:plastic': [], 'knife': [], 'bowl': [], 'thigh:chicken': [], 'water': [], 'bottle:soy:sauce': [], 'bottle:oil': [], 'bottle': [], 'garlic': [], 'bottle:cooking:wine': [], 'board:chopping': [], 'cucumber': [], 'bag:packing': [], 'skin:garlic': [3, 2, 2], 'spatula': [], 'pan': [2, 2, 2], 'coriander': [], 'cucumber:sliced': [], 'onion': []}","{'box:plastic': [], 'stool': [], 'pot:cooking': [], 'pot': [], 'tray:plastic': [], 'knife': [], 'bowl': [], 'thigh:chicken': [], 'water': [], 'bottle:soy:sauce': [], 'bottle:oil': [], 'bottle': [], 'garlic': [], 'bottle:cooking:wine': [], 'board:chopping': [], 'cucumber': [], 'bag:packing': [], 'skin:garlic': [3, 2, 2], 'spatula': [], 'pan': [2, 2, 2], 'coriander': [], 'cucumber:sliced': [], 'onion': []}"
P37_102,"['spatula', 'pan', 'bowl', 'bag:packing', 'knife', 'carrot', 'stick:carrot', 'strip:carrot', 'plate', 'thigh:chicken', 'brush:dish']","{'spatula': [], 'pan': [], 'bowl': [], 'bag:packing': [], 'knife': [], 'carrot': [], 'stick:carrot': [3, 2, 2], 'strip:carrot': [3, 2, 2], 'plate': [], 'thigh:chicken': [], 'brush:dish': []}","{'spatula': [], 'pan': [], 'bowl': [], 'bag:packing': [], 'knife': [], 'carrot': [], 'stick:carrot': [3, 2, 2], 'strip:carrot': [3, 2, 2], 'plate': [], 'thigh:chicken': [], 'brush:dish': []}"
